,mean_fit_time,std_fit_time,mean_score_time,std_score_time,param_n_estimators,param_min_samples_split,param_min_samples_leaf,param_max_features,param_max_depth,param_learning_rate,params,split0_test_score,split1_test_score,split2_test_score,split3_test_score,split4_test_score,split5_test_score,split6_test_score,split7_test_score,split8_test_score,split9_test_score,mean_test_score,std_test_score,rank_test_score,split0_train_score,split1_train_score,split2_train_score,split3_train_score,split4_train_score,split5_train_score,split6_train_score,split7_train_score,split8_train_score,split9_train_score,mean_train_score,std_train_score
0,0.19642491340637208,0.03724349868476258,0.008312559127807618,0.0018401536989270332,50,100,1,0.1,5,0.075,"{'n_estimators': 50, 'min_samples_split': 100, 'min_samples_leaf': 1, 'max_features': 0.1, 'max_depth': 5, 'learning_rate': 0.075}",0.9648906749632703,0.92956465237167,1.0,0.9648473034437947,0.9648906749632703,0.9473359824831725,0.9649122807017544,0.9824453274943908,0.9824561403508771,0.9473359824831725,0.9648679019255372,0.019270795506087304,2,1.0,0.9980506674467937,0.9980506674467937,1.0,0.9961013645224172,1.0,0.9980506822612085,1.0,1.0,1.0,0.9990253381677213,0.0013076443005192845
1,0.04740991592407227,0.005285298581341275,0.007661747932434082,0.0020030101919185973,20,30,20,0.3,1,0.005,"{'n_estimators': 20, 'min_samples_split': 30, 'min_samples_leaf': 20, 'max_features': 0.3, 'max_depth': 1, 'learning_rate': 0.005}",0.8943469785575048,0.8571929824561405,0.9473359824831725,0.9471730672179987,0.8769659124699267,0.8596491228070176,0.8771172924607358,0.9649122807017544,0.8767371568419967,0.8070175438596491,0.8908448319855896,0.046449006326952834,93,0.9005159914244637,0.9005507838325565,0.8965918498569584,0.8945685672113964,0.8985305964580079,0.9063679985769239,0.9005432257238718,0.9064220813081153,0.9024666651842956,0.9064007400365538,0.9012958499613143,0.003952163630210375
2,0.09434020519256592,0.014392150116170621,0.009056568145751953,0.003155293720949266,50,50,1,0.2,1,0.075,"{'n_estimators': 50, 'min_samples_split': 50, 'min_samples_leaf': 1, 'max_features': 0.2, 'max_depth': 1, 'learning_rate': 0.075}",0.9121185089070906,0.9117380522137387,0.9649122807017544,0.9471730672179987,0.9121185089070906,0.8771929824561403,0.8771929824561403,0.9649122807017544,0.9122266374719541,0.8418133160327629,0.9121398617066425,0.03766396628011577,44,0.9298053563026341,0.9415111331587304,0.9298053563026341,0.9259056538750026,0.9278670206645991,0.9376147208720768,0.9337226931967294,0.9317723236287435,0.933709091146162,0.9376213583028042,0.9329334707450115,0.0046332357268531995
3,0.056646990776062014,0.01298480381062421,0.009647703170776368,0.004017696577038373,20,150,1,0.3,1,0.005,"{'n_estimators': 20, 'min_samples_split': 150, 'min_samples_leaf': 1, 'max_features': 0.3, 'max_depth': 1, 'learning_rate': 0.005}",0.8943469785575048,0.8571929824561405,0.9473359824831725,0.9471730672179987,0.8769659124699267,0.8596491228070176,0.8771172924607358,0.9649122807017544,0.8767371568419967,0.8070175438596491,0.8908448319855896,0.046449006326952834,93,0.9005159914244637,0.9005507838325565,0.8965918498569584,0.8945685672113964,0.8985305964580079,0.9063679985769239,0.9005432257238718,0.9064220813081153,0.9024666651842956,0.9064007400365538,0.9012958499613143,0.003952163630210375
4,0.04302530288696289,0.008227955588465221,0.009353399276733398,0.003095421863984249,10,50,5,0.3,1,0.005,"{'n_estimators': 10, 'min_samples_split': 50, 'min_samples_leaf': 5, 'max_features': 0.3, 'max_depth': 1, 'learning_rate': 0.005}",0.8943469785575048,0.8571929824561405,0.9473359824831725,0.9293892298985678,0.8583431282921945,0.8596491228070176,0.8593892137751786,0.9649122807017544,0.8587784597971355,0.8070175438596491,0.8836354922628316,0.04675695591066969,97,0.8964689825401428,0.8985035688636795,0.8926324804277243,0.888568748636969,0.8965658835021508,0.9024451518638793,0.8985846118968911,0.9064220813081153,0.8965517333442796,0.9064007400365538,0.8983143982420387,0.005339729407647891
5,0.08927886486053467,0.0147773433673312,0.008875775337219238,0.0042111923530173045,20,100,50,0.3,3,0.005,"{'n_estimators': 20, 'min_samples_split': 100, 'min_samples_leaf': 50, 'max_features': 0.3, 'max_depth': 3, 'learning_rate': 0.005}",0.8943469785575048,0.8755876619653709,0.9649122807017544,0.9648473034437947,0.9121185089070906,0.8596491228070176,0.8421052631578947,0.9649122807017544,0.8945419103313841,0.8418133160327629,0.9014834626606328,0.0466697187233376,82,0.923938455586738,0.9180944184513675,0.9141791445237514,0.9141615193718343,0.9219946842393976,0.9298213614291085,0.9220106954660728,0.9103272951594166,0.9220106954660728,0.9200305709939075,0.9196568840687667,0.005366763029189417
6,0.06163403987884521,0.009647108436184878,0.007465505599975586,0.0010105673140392386,20,100,5,0.2,2,0.005,"{'n_estimators': 20, 'min_samples_split': 100, 'min_samples_leaf': 5, 'max_features': 0.2, 'max_depth': 2, 'learning_rate': 0.005}",0.9117380522137387,0.8755876619653709,0.9649122807017544,0.9648473034437947,0.9121185089070906,0.8596491228070176,0.8771172924607358,0.9649122807017544,0.8767371568419967,0.8591293047433399,0.9066748964786594,0.04175024105209224,64,0.9278094046171218,0.9375957473915181,0.9239072102721015,0.9258295310926891,0.9258492820270058,0.9375786657179493,0.9298096259194657,0.9356676256400591,0.9336773323253211,0.9336899385479672,0.9311414363551199,0.004877924667062402
7,0.039139723777770995,0.004609863263381253,0.007852816581726074,0.0013812661579918658,20,100,10,0.1,1,0.005,"{'n_estimators': 20, 'min_samples_split': 100, 'min_samples_leaf': 10, 'max_features': 0.1, 'max_depth': 1, 'learning_rate': 0.005}",0.8943469785575048,0.8937573462191458,0.9473359824831725,0.9648473034437947,0.9121185089070906,0.8771172924607358,0.8596491228070176,0.9649122807017544,0.8945419103313841,0.8244533748163514,0.903308010072795,0.043193429397181654,72,0.920022659772608,0.9220059514473711,0.9082984328920196,0.9121538476226835,0.9180800924999444,0.9181112302393767,0.9103007092016973,0.9044572922120308,0.9141869792973694,0.9142006783668408,0.9141817873551942,0.005237613915391729
8,0.11473979949951171,0.01639087899511315,0.011098742485046387,0.0061858512300498525,50,50,5,0.1,2,0.005,"{'n_estimators': 50, 'min_samples_split': 50, 'min_samples_leaf': 5, 'max_features': 0.1, 'max_depth': 2, 'learning_rate': 0.005}",0.92956465237167,0.8937573462191458,0.9649122807017544,0.9648473034437947,0.9121185089070906,0.8596491228070176,0.8947368421052632,0.9649122807017544,0.9122266374719541,0.8418133160327629,0.9138538290762208,0.04118745921450513,42,0.9258949500274278,0.9337050587302654,0.9219810404761375,0.9200050159270811,0.923938455586738,0.9356456166448581,0.9298005550274151,0.9259005858622716,0.9278324665066969,0.9297893466978476,0.9274493091486737,0.004689615491141415
9,0.02403843402862549,0.0055575051282723605,0.007103419303894043,0.0009186532531957759,10,150,5,0.2,1,0.005,"{'n_estimators': 10, 'min_samples_split': 150, 'min_samples_leaf': 5, 'max_features': 0.2, 'max_depth': 1, 'learning_rate': 0.005}",0.8943469785575048,0.8571929824561405,0.9473359824831725,0.9471730672179987,0.9121185089070906,0.8771172924607358,0.8771172924607358,0.8195773524720892,0.8767371568419967,0.8070175438596491,0.8815734157717113,0.04447897814864842,99,0.9102146955332552,0.9063936210872772,0.8965658835021508,0.9003758133876846,0.9024072777535381,0.9024666651842956,0.8946840200467715,0.894734442124463,0.9044071549856114,0.8947320421436629,0.900698161574871,0.005170280963186377
10,0.04918558597564697,0.010528289992321237,0.007585835456848144,0.001572909794296098,10,50,1,0.2,4,0.075,"{'n_estimators': 10, 'min_samples_split': 50, 'min_samples_leaf': 1, 'max_features': 0.2, 'max_depth': 4, 'learning_rate': 0.075}",0.9472711053442543,0.8937573462191458,1.0,0.9648473034437947,0.9472711053442543,0.8947368421052632,0.9298245614035088,0.9824453274943908,0.9298245614035088,0.9121185089070906,0.9402096661665211,0.033609352566659915,12,0.9766080093635516,0.9785575048732943,0.9785570159976051,0.9844054580896686,0.9766081871345029,0.9785573419147312,0.9785570159976051,0.9727093442574769,0.9766080093635516,0.9805063781711969,0.9781674265163186,0.00286490734459429
11,0.06740186214447022,0.010767468851097008,0.007179617881774902,0.0015647346910076347,20,50,5,0.3,2,0.01,"{'n_estimators': 20, 'min_samples_split': 50, 'min_samples_leaf': 5, 'max_features': 0.3, 'max_depth': 2, 'learning_rate': 0.01}",0.92956465237167,0.8755876619653709,0.9649122807017544,0.9648473034437947,0.9297813499265406,0.8596491228070176,0.8418133160327629,0.9649122807017544,0.8945419103313841,0.8591293047433399,0.908473918302539,0.045809776138198616,55,0.9258949500274278,0.939568394490656,0.9376170913676093,0.9434577535269776,0.9376118753693122,0.9434607624992436,0.9356710479928153,0.9376189879369854,0.9317453509869709,0.9473540181576497,0.9380000232355649,0.005840238300867847
12,0.06102986335754394,0.007161140768771508,0.007476377487182617,0.0012834912587410075,10,100,1,0.3,5,0.01,"{'n_estimators': 10, 'min_samples_split': 100, 'min_samples_leaf': 1, 'max_features': 0.3, 'max_depth': 5, 'learning_rate': 0.01}",0.92956465237167,0.8400412796697626,0.9649122807017544,0.9471730672179987,0.9117380522137387,0.8771929824561403,0.9297813499265406,0.9649122807017544,0.8945419103313841,0.8947368421052632,0.9154594697696007,0.037860313914185775,40,0.9551561493489821,0.9688106791514022,0.9629629629629629,0.9512503842316452,0.9649096138942801,0.9668600873013276,0.9668608429053897,0.9590640163826687,0.9551469449342951,0.9610053477330367,0.961202702884599,0.005618150444568057
13,0.08730454444885254,0.010286370237343676,0.00887300968170166,0.001943164264364078,50,30,1,0.1,1,0.075,"{'n_estimators': 50, 'min_samples_split': 30, 'min_samples_leaf': 1, 'max_features': 0.1, 'max_depth': 1, 'learning_rate': 0.075}",0.9121185089070906,0.8937573462191458,0.9649122807017544,0.9648473034437947,0.9121185089070906,0.8771172924607358,0.8771929824561403,0.9649122807017544,0.9122266374719541,0.8591293047433399,0.91383324460128,0.037303035485663535,43,0.9259056538750026,0.9278670206645991,0.9161506608784299,0.920060961882968,0.9297952158154578,0.9278555063641866,0.9278735992646718,0.9239748749005999,0.9298165609810866,0.9317686938606687,0.9261068748487672,0.0045712595563401175
14,0.08261175155639648,0.007990289843055994,0.008306050300598144,0.0017449263231861867,50,150,50,0.1,1,0.075,"{'n_estimators': 50, 'min_samples_split': 150, 'min_samples_leaf': 50, 'max_features': 0.1, 'max_depth': 1, 'learning_rate': 0.075}",0.9121185089070906,0.8937573462191458,0.9649122807017544,0.9648473034437947,0.9121185089070906,0.8771172924607358,0.859562699853081,0.9649122807017544,0.9122266374719541,0.8591293047433399,0.9120702163409741,0.039353354488762544,45,0.9259056538750026,0.9278670206645991,0.9161506608784299,0.920060961882968,0.9297952158154578,0.9278555063641866,0.9259225481751702,0.9239748749005999,0.9298096259194657,0.9317686938606687,0.9259110762336549,0.004532571276765446
15,0.21019585132598878,0.05308657175655377,0.011756491661071778,0.007782965706409419,50,20,50,0.2,5,0.01,"{'n_estimators': 50, 'min_samples_split': 20, 'min_samples_leaf': 50, 'max_features': 0.2, 'max_depth': 5, 'learning_rate': 0.01}",0.9121185089070906,0.8937573462191458,0.9649122807017544,0.9648473034437947,0.9121185089070906,0.8596491228070176,0.859562699853081,0.9649122807017544,0.8767371568419967,0.8418133160327629,0.9050428524415489,0.0446105182295254,67,0.9258949500274278,0.9259141020010585,0.9180944184513675,0.9180632684912964,0.9200506301398983,0.9317552087228792,0.9259225481751702,0.9200561016468013,0.925888754847728,0.9278450853290834,0.9239485067832712,0.004366831430150014
16,0.038926887512207034,0.017999451669875734,0.010880756378173827,0.003925495568232479,10,50,1,0.2,1,0.005,"{'n_estimators': 10, 'min_samples_split': 50, 'min_samples_leaf': 1, 'max_features': 0.2, 'max_depth': 1, 'learning_rate': 0.005}",0.8943469785575048,0.8571929824561405,0.9473359824831725,0.9471730672179987,0.9121185089070906,0.8771172924607358,0.8771172924607358,0.8195773524720892,0.8767371568419967,0.8070175438596491,0.8815734157717113,0.04447897814864842,99,0.9102146955332552,0.9063936210872772,0.8965658835021508,0.9003758133876846,0.9024072777535381,0.9024666651842956,0.8946840200467715,0.894734442124463,0.9044071549856114,0.8947320421436629,0.900698161574871,0.005170280963186377
17,0.20564165115356445,0.012829977249040156,0.00789637565612793,0.0014225217531399674,50,20,5,0.3,3,0.01,"{'n_estimators': 50, 'min_samples_split': 20, 'min_samples_leaf': 5, 'max_features': 0.3, 'max_depth': 3, 'learning_rate': 0.01}",0.9648906749632703,0.8755876619653709,0.9824561403508771,0.9648473034437947,0.9648906749632703,0.8769659124699267,0.9122807017543859,0.9649122807017544,0.9648906749632703,0.9121185089070906,0.938384053448301,0.03813271674312754,17,0.9649122807017544,0.9746588693957114,0.9668613465954937,0.9668600873013276,0.9688106791514022,0.9649120140453273,0.9727093442574769,0.9668613465954937,0.9668615984405458,0.9688106791514022,0.9682258245635935,0.003026235102330147
18,0.12829582691192626,0.01572297127330299,0.007909774780273438,0.0018272671605421536,50,30,5,0.2,2,0.075,"{'n_estimators': 50, 'min_samples_split': 30, 'min_samples_leaf': 5, 'max_features': 0.2, 'max_depth': 2, 'learning_rate': 0.075}",0.9648906749632703,0.8937573462191458,1.0,0.9648473034437947,0.9472711053442543,0.9296946068875893,0.9298245614035088,0.9824453274943908,0.9473684210526315,0.8946720248898108,0.9454771371698396,0.03293700249680161,9,0.9727074774733291,0.9805063781711969,0.9746582916335331,0.9766076538054362,0.9746588693957114,0.9785573419147312,0.9805068226120858,0.9785565270773295,0.9746588693957114,0.9785573419147312,0.9769975573393795,0.0025863276190771023
19,0.07490966320037842,0.008135010875360798,0.0074250221252441405,0.001073463398780179,50,50,70,0.1,1,0.075,"{'n_estimators': 50, 'min_samples_split': 50, 'min_samples_leaf': 70, 'max_features': 0.1, 'max_depth': 1, 'learning_rate': 0.075}",0.9121185089070906,0.8937573462191458,0.9649122807017544,0.9648473034437947,0.9121185089070906,0.8771172924607358,0.859562699853081,0.9649122807017544,0.9122266374719541,0.8591293047433399,0.9120702163409741,0.039353354488762544,45,0.9259056538750026,0.9278670206645991,0.9219946842393976,0.9161697807723721,0.9317593577049728,0.9278555063641866,0.9259225481751702,0.9278752436647173,0.9298165609810866,0.9337156409265817,0.9268881997368087,0.004717142559780448
20,0.03033921718597412,0.009354680430083574,0.012339425086975098,0.007349818381971533,10,30,10,0.2,1,0.01,"{'n_estimators': 10, 'min_samples_split': 30, 'min_samples_leaf': 10, 'max_features': 0.2, 'max_depth': 1, 'learning_rate': 0.01}",0.8943469785575048,0.8571929824561405,0.9473359824831725,0.9471730672179987,0.9297813499265406,0.8771172924607358,0.8771172924607358,0.9297813499265406,0.8767371568419967,0.8070175438596491,0.8943600996191016,0.04245032082917786,88,0.9063359351920071,0.9063936210872772,0.8965658835021508,0.896504455543649,0.9024072777535381,0.9024666651842956,0.892742694408097,0.9005825287161692,0.9044071549856114,0.8966783078461555,0.9005084524218951,0.004447393789450641
21,0.0377084493637085,0.015436176414577183,0.014497685432434081,0.008899723311417378,10,30,20,0.1,1,0.075,"{'n_estimators': 10, 'min_samples_split': 30, 'min_samples_leaf': 20, 'max_features': 0.1, 'max_depth': 1, 'learning_rate': 0.075}",0.8943469785575048,0.8571929824561405,0.9296946068875893,0.9471730672179987,0.9297813499265406,0.8771172924607358,0.8596491228070176,0.9649122807017544,0.8767371568419967,0.8591293047433399,0.8995734142600618,0.03799153035076951,86,0.8966508145710881,0.9083360875019661,0.8965658835021508,0.892713324085206,0.9024072777535381,0.9024666651842956,0.9005772396255459,0.9161563992881087,0.9063473457893243,0.9083820662768031,0.9030603103578025,0.006600991633982989
22,0.04783213138580322,0.006155926395533569,0.006816601753234864,0.0008676026112459115,20,20,70,0.1,3,0.01,"{'n_estimators': 20, 'min_samples_split': 20, 'min_samples_leaf': 70, 'max_features': 0.1, 'max_depth': 3, 'learning_rate': 0.01}",0.8943469785575048,0.8937573462191458,0.9473359824831725,0.9471730672179987,0.9121185089070906,0.8771172924607358,0.8947368421052632,0.9649122807017544,0.8945419103313841,0.8418133160327629,0.9067853525016814,0.035218991061156245,59,0.9239505994013667,0.9200506301398983,0.9083360875019661,0.9141791445237514,0.9161372715443521,0.9239558040054939,0.9142202411991056,0.9161563992881087,0.9181006475319845,0.9180875711474888,0.9173174396283515,0.004467556036554227
23,0.18538954257965087,0.012012386135412416,0.00637521743774414,0.00026072442904333595,50,50,1,0.2,4,0.005,"{'n_estimators': 50, 'min_samples_split': 50, 'min_samples_leaf': 1, 'max_features': 0.2, 'max_depth': 4, 'learning_rate': 0.005}",0.9472711053442543,0.8937573462191458,0.9824561403508771,0.9648473034437947,0.9472711053442543,0.8947368421052632,0.9122266374719541,0.9824453274943908,0.9298245614035088,0.8947368421052632,0.9349573211282707,0.033442127896557414,19,0.9727089294396757,0.9766081871345029,0.9727089294396757,0.9766076538054362,0.9766081871345029,0.9746588693957114,0.9746588693957114,0.9785573419147312,0.9766081871345029,0.9746588693957114,0.9754384024190161,0.0017867059611895615
24,0.15957994461059571,0.019981419983714402,0.008156538009643555,0.004207899863441943,50,20,5,0.3,2,0.005,"{'n_estimators': 50, 'min_samples_split': 20, 'min_samples_leaf': 5, 'max_features': 0.3, 'max_depth': 2, 'learning_rate': 0.005}",0.92956465237167,0.8571929824561405,0.9649122807017544,0.9648473034437947,0.9297813499265406,0.8596491228070176,0.8244533748163514,0.9649122807017544,0.8945419103313841,0.8418133160327629,0.9031668573589171,0.051842546528446776,77,0.9200506301398983,0.9356695812319886,0.9239604271569697,0.9317266607814946,0.9317505379243034,0.9356622469818978,0.9356549110815718,0.9337201746830469,0.9297893466978476,0.9356456166448581,0.9313630133323876,0.005146594613264988
25,0.2358788251876831,0.05310227672941868,0.009254884719848634,0.004811202856166761,50,20,20,0.3,3,0.01,"{'n_estimators': 50, 'min_samples_split': 20, 'min_samples_leaf': 20, 'max_features': 0.3, 'max_depth': 3, 'learning_rate': 0.01}",0.92956465237167,0.8937573462191458,0.9649122807017544,0.9648473034437947,0.9297813499265406,0.8771929824561403,0.8771929824561403,0.9649122807017544,0.9122266374719541,0.8591293047433399,0.9173517120492234,0.037791208922187465,38,0.9473624204849779,0.9649106807145543,0.9532153076108725,0.9590643274853801,0.9571150097465887,0.9571146838331779,0.9532153076108725,0.9532160187271032,0.9512592780165893,0.9590624607839928,0.955553549501411,0.0046797797600763745
26,0.2751962661743164,0.05255928683384817,0.012111663818359375,0.008179216326320855,50,20,20,0.2,5,0.075,"{'n_estimators': 50, 'min_samples_split': 20, 'min_samples_leaf': 20, 'max_features': 0.2, 'max_depth': 5, 'learning_rate': 0.075}",0.9824561403508771,0.92956465237167,1.0,0.9648473034437947,0.9473684210526315,0.9473359824831725,0.9824453274943908,0.9824453274943908,1.0,0.9473359824831725,0.9683799137174101,0.02332327668870091,1,0.9980506674467937,1.0,1.0,1.0,0.9980506674467937,0.9980506822612085,0.9980506822612085,1.0,1.0,0.9961013645224172,0.9988304063938422,0.0012930328940490413
27,0.1038403034210205,0.031779894081627055,0.009010744094848634,0.0035117906265424437,20,100,5,0.2,5,0.01,"{'n_estimators': 20, 'min_samples_split': 100, 'min_samples_leaf': 5, 'max_features': 0.2, 'max_depth': 5, 'learning_rate': 0.01}",0.92956465237167,0.8583431282921945,0.9649122807017544,0.9648473034437947,0.9472711053442543,0.8771172924607358,0.9122266374719541,0.9649122807017544,0.9122266374719541,0.8771929824561403,0.9208614300716207,0.03803560069399137,36,0.9414857803571031,0.9649120140453273,0.9551653512762563,0.9610074221058202,0.9570970763316687,0.9610136452241715,0.9531928977985652,0.9649120140453273,0.9493004008531333,0.9512381530450656,0.9559324755082439,0.00704993427224747
28,0.2063448667526245,0.02675773340706915,0.007303571701049805,0.0008822377018277766,50,150,50,0.3,3,0.075,"{'n_estimators': 50, 'min_samples_split': 150, 'min_samples_leaf': 50, 'max_features': 0.3, 'max_depth': 3, 'learning_rate': 0.075}",0.9472711053442543,0.9117380522137387,1.0,0.9648473034437947,0.9473684210526315,0.9473684210526315,0.9298245614035088,0.9824453274943908,0.9473684210526315,0.9122807017543859,0.9490512314811967,0.02661979150774755,5,0.9805063781711969,0.9863546721275562,0.9844054580896686,0.9863546721275562,0.9844051025369575,0.9863544647257486,0.9844042728419024,0.9883040935672515,0.9824560070211438,0.9824560070211438,0.9846001128230126,0.002214079858822182
29,0.12284634113311768,0.021227315033707245,0.009205031394958495,0.005937812431297102,20,150,1,0.3,4,0.01,"{'n_estimators': 20, 'min_samples_split': 150, 'min_samples_leaf': 1, 'max_features': 0.3, 'max_depth': 4, 'learning_rate': 0.01}",0.92956465237167,0.8583431282921945,0.9824561403508771,0.9473359824831725,0.92956465237167,0.8771929824561403,0.9122807017543859,0.9649122807017544,0.8945419103313841,0.8947368421052632,0.9190929273218511,0.03717501220822507,37,0.9512503842316452,0.9707580116545723,0.9688106791514022,0.9707600117019063,0.959059660377205,0.9688109161793372,0.9571058825063403,0.9551622845370108,0.9532064172796438,0.9668590798751819,0.9621783327494244,0.007360304385836366
30,0.03615503311157227,0.00919984982142932,0.008553600311279297,0.0017715484917804453,10,30,70,0.1,4,0.005,"{'n_estimators': 10, 'min_samples_split': 30, 'min_samples_leaf': 70, 'max_features': 0.1, 'max_depth': 4, 'learning_rate': 0.005}",0.8943469785575048,0.8937573462191458,0.9473359824831725,0.9648473034437947,0.9297813499265406,0.8771172924607358,0.8947368421052632,0.9473359824831725,0.8945419103313841,0.8239116309291747,0.9067712618939888,0.03944169029086018,62,0.9200378635655451,0.9180944184513675,0.9122506916169615,0.9180800924999444,0.9219946842393976,0.9259225481751702,0.9220266978785051,0.9298096259194657,0.9200718985224976,0.9103211612536105,0.9198609682122466,0.005479542841159986
31,0.15626151561737062,0.028806162017411114,0.010197305679321289,0.006145735251824842,50,150,50,0.2,2,0.075,"{'n_estimators': 50, 'min_samples_split': 150, 'min_samples_leaf': 50, 'max_features': 0.2, 'max_depth': 2, 'learning_rate': 0.075}",0.9472711053442543,0.9117380522137387,1.0,0.9648473034437947,0.9297813499265406,0.9298245614035088,0.9298245614035088,0.9824453274943908,0.9648906749632703,0.859562699853081,0.9420185636046087,0.03772407700065654,10,0.9610127563423938,0.9707602339181286,0.9668615984405458,0.968810205073915,0.9668615984405458,0.9668613465954937,0.9707589005599949,0.9707589005599949,0.9707602339181286,0.9727089294396757,0.9686154703288817,0.0031970811745285414
32,0.05375428199768066,0.00978746510419447,0.00658121109008789,0.0008160768398099416,10,20,1,0.2,5,0.005,"{'n_estimators': 10, 'min_samples_split': 20, 'min_samples_leaf': 1, 'max_features': 0.2, 'max_depth': 5, 'learning_rate': 0.005}",0.9824561403508771,0.8937573462191458,0.9824561403508771,0.9648473034437947,0.9648906749632703,0.9297813499265406,0.9473684210526315,0.9824453274943908,0.9648906749632703,0.9297813499265406,0.954267472869134,0.027620723881196373,3,0.9941520023403811,0.9922021364209512,0.9883032046314267,0.9863546721275562,0.9961012756342393,0.9961013645224172,0.9883040935672515,0.9922027290448343,0.9902523000898107,0.9902523000898107,0.9914226078468678,0.0031674211143506185
33,0.08665678501129151,0.018194804664709137,0.011053085327148438,0.004177172749346858,10,30,5,0.3,5,0.01,"{'n_estimators': 10, 'min_samples_split': 30, 'min_samples_leaf': 5, 'max_features': 0.3, 'max_depth': 5, 'learning_rate': 0.01}",0.9824561403508771,0.9117380522137387,0.9824561403508771,0.9471730672179987,0.9648906749632703,0.9298245614035088,0.9121185089070906,0.9649122807017544,0.9648906749632703,0.9121185089070906,0.9472578609979475,0.02728824032819821,8,0.9805066744696264,0.9805068226120858,0.9785575048732943,0.9727093442574769,0.9766076538054362,0.9766076538054362,0.9824560070211438,0.9707540104449883,0.9844051025369575,0.9727051954740742,0.9775815969300519,0.004294376876997612
34,0.022826743125915528,0.004230561141275057,0.0082733154296875,0.0022125407893503874,10,20,10,0.1,1,0.01,"{'n_estimators': 10, 'min_samples_split': 20, 'min_samples_leaf': 10, 'max_features': 0.1, 'max_depth': 1, 'learning_rate': 0.01}",0.8943469785575048,0.8571929824561405,0.9296946068875893,0.9648473034437947,0.9121185089070906,0.8771172924607358,0.8771172924607358,0.9122807017543859,0.8767371568419967,0.8070175438596491,0.8908470367629624,0.04079874999119038,92,0.9043722319170827,0.9083186587637214,0.8945998599738212,0.8984401895522982,0.9024072777535381,0.9005054062095139,0.8985653317916676,0.8907626650064112,0.9082872817740485,0.8966578874946457,0.900291679023675,0.005406903526442572
35,0.2030280351638794,0.0361430450998618,0.01078941822052002,0.004112075379749795,50,50,50,0.2,4,0.01,"{'n_estimators': 50, 'min_samples_split': 50, 'min_samples_leaf': 50, 'max_features': 0.2, 'max_depth': 4, 'learning_rate': 0.01}",0.9121185089070906,0.8937573462191458,0.9649122807017544,0.9648473034437947,0.9121185089070906,0.8596491228070176,0.859562699853081,0.9649122807017544,0.8767371568419967,0.8418133160327629,0.9050428524415489,0.0446105182295254,67,0.9258949500274278,0.9239604271569697,0.9180944184513675,0.9161213261029791,0.9200506301398983,0.9317552087228792,0.9259225481751702,0.9200561016468013,0.925888754847728,0.9278450853290834,0.9235589450600304,0.004603692965598908
36,0.08350594043731689,0.036228366011480356,0.012423324584960937,0.006375947056921804,20,30,70,0.1,4,0.005,"{'n_estimators': 20, 'min_samples_split': 30, 'min_samples_leaf': 70, 'max_features': 0.1, 'max_depth': 4, 'learning_rate': 0.005}",0.8943469785575048,0.8937573462191458,0.9473359824831725,0.9471730672179987,0.9121185089070906,0.8771172924607358,0.8947368421052632,0.9649122807017544,0.8945419103313841,0.8418133160327629,0.9067853525016814,0.035218991061156245,59,0.9180800924999444,0.9181062490197396,0.9102781965475581,0.9141791445237514,0.9141941526633374,0.9200652159472064,0.9142202411991056,0.9161563992881087,0.9142117650126804,0.9200445540133086,0.915953601071474,0.002955187972252097
37,0.0850456714630127,0.02838044513889228,0.014446735382080078,0.009571781120910273,10,50,1,0.2,5,0.075,"{'n_estimators': 10, 'min_samples_split': 50, 'min_samples_leaf': 1, 'max_features': 0.2, 'max_depth': 5, 'learning_rate': 0.075}",0.9648906749632703,0.8400412796697626,0.9649122807017544,0.9471730672179987,0.9472711053442543,0.8771929824561403,0.9473684210526315,0.9824453274943908,0.9473684210526315,0.9297813499265406,0.9348444909879376,0.0412671511983293,20,0.9688094939684927,0.9766071204763696,0.9688106791514022,0.9746588693957114,0.9805066744696264,0.9746559802335079,0.9824561403508771,0.9746559802335079,0.9785575048732943,0.9863541535946642,0.9766072596747455,0.005303048781670451
38,0.05745849609375,0.020279742791695192,0.009834718704223634,0.003268852825530114,10,100,50,0.3,2,0.005,"{'n_estimators': 10, 'min_samples_split': 100, 'min_samples_leaf': 50, 'max_features': 0.3, 'max_depth': 2, 'learning_rate': 0.005}",0.8943469785575048,0.8571929824561405,0.9649122807017544,0.9648473034437947,0.8943469785575048,0.8596491228070176,0.8421052631578947,0.9649122807017544,0.8587784597971355,0.8244533748163514,0.892554502499685,0.05134285019057679,89,0.9180632684912964,0.9102386045590067,0.9063109866433966,0.9082495741836917,0.9141615193718343,0.9259174810355912,0.9161729667431072,0.9161793372319688,0.9161296232375127,0.9181006475319845,0.9149524009029391,0.00535397271619273
39,0.2439389705657959,0.06831379269726214,0.01426537036895752,0.006298186679878158,50,30,70,0.2,2,0.01,"{'n_estimators': 50, 'min_samples_split': 30, 'min_samples_leaf': 70, 'max_features': 0.2, 'max_depth': 2, 'learning_rate': 0.01}",0.8943469785575048,0.8937573462191458,0.9649122807017544,0.9471730672179987,0.9121185089070906,0.8596491228070176,0.859562699853081,0.9649122807017544,0.8767371568419967,0.8418133160327629,0.9014982757840106,0.04247124035322175,81,0.9161506608784299,0.920060961882968,0.9141941526633374,0.9122006272370401,0.9142065465921082,0.9239558040054939,0.9239708303018881,0.9142006783668408,0.9161442883554212,0.9200445540133086,0.9175129104296836,0.004012277050070844
40,0.061255788803100585,0.022736766426515596,0.013872432708740234,0.005069682041954884,10,150,70,0.2,3,0.005,"{'n_estimators': 10, 'min_samples_split': 150, 'min_samples_leaf': 70, 'max_features': 0.2, 'max_depth': 3, 'learning_rate': 0.005}",0.8943469785575048,0.8937573462191458,0.9473359824831725,0.9471730672179987,0.8947368421052632,0.8596491228070176,0.859562699853081,0.9649122807017544,0.8945419103313841,0.8244533748163514,0.8980469605092672,0.04211951343895979,87,0.9102938868753073,0.9161506608784299,0.9063936210872772,0.9102146955332552,0.9083716208442209,0.9142202411991056,0.9103307025602809,0.9142300194931774,0.9083751031843267,0.9103272951594166,0.9108907846814798,0.0029025158675892162
41,0.08781125545501708,0.03205690057688635,0.016473937034606933,0.007282894679839149,20,100,70,0.1,3,0.005,"{'n_estimators': 20, 'min_samples_split': 100, 'min_samples_leaf': 70, 'max_features': 0.1, 'max_depth': 3, 'learning_rate': 0.005}",0.8943469785575048,0.8937573462191458,0.9473359824831725,0.9471730672179987,0.9121185089070906,0.8771172924607358,0.8947368421052632,0.9649122807017544,0.8945419103313841,0.8418133160327629,0.9067853525016814,0.035218991061156245,59,0.9180800924999444,0.9200506301398983,0.9102781965475581,0.9141791445237514,0.9161372715443521,0.9200652159472064,0.9142202411991056,0.9161563992881087,0.9142117650126804,0.9200445540133086,0.9163423510715913,0.0030807454297227515
42,0.13757672309875488,0.033378603690385714,0.00971066951751709,0.004939269150699567,20,100,50,0.3,3,0.01,"{'n_estimators': 20, 'min_samples_split': 100, 'min_samples_leaf': 50, 'max_features': 0.3, 'max_depth': 3, 'learning_rate': 0.01}",0.8943469785575048,0.8937573462191458,0.9649122807017544,0.9648473034437947,0.9121185089070906,0.8596491228070176,0.859562699853081,0.9649122807017544,0.8945419103313841,0.8418133160327629,0.9050461747555291,0.0439025938211423,65,0.923938455586738,0.9220059514473711,0.9180944184513675,0.9161028215820606,0.9219946842393976,0.9298213614291085,0.9239644737058792,0.9103272951594166,0.9278450853290834,0.9180719987548084,0.921216654568523,0.0054637968459888215
43,0.14543800354003905,0.02658365115087948,0.011239123344421387,0.004006415710497067,20,150,10,0.3,3,0.075,"{'n_estimators': 20, 'min_samples_split': 150, 'min_samples_leaf': 10, 'max_features': 0.3, 'max_depth': 3, 'learning_rate': 0.075}",0.9648906749632703,0.8583431282921945,0.9649122807017544,0.9471730672179987,0.9473684210526315,0.859562699853081,0.9473684210526315,0.9649122807017544,0.9298245614035088,0.8591293047433399,0.9243484839982165,0.04399175221902519,31,0.9649114807081544,0.9688094939684927,0.9590633941772462,0.9571150097465887,0.9629601480957916,0.957114031976633,0.9727095516569201,0.968810205073915,0.9668615984405458,0.9688106791514022,0.9647165592995691,0.005190608971084205
44,0.15465075969696046,0.05846722112848959,0.01165151596069336,0.0065252394237583135,20,50,20,0.2,5,0.075,"{'n_estimators': 20, 'min_samples_split': 50, 'min_samples_leaf': 20, 'max_features': 0.2, 'max_depth': 5, 'learning_rate': 0.075}",0.9472711053442543,0.8937573462191458,1.0,0.9648473034437947,0.9297813499265406,0.8947368421052632,0.9298245614035088,0.9824453274943908,0.9122266374719541,0.859562699853081,0.9314453173261933,0.0412027342578869,24,0.9805063781711969,0.9824560070211438,0.9746582916335331,0.9824560070211438,0.9824560070211438,0.9824557403616769,0.9746577138186622,0.984405339575701,0.9746588693957114,0.9766081871345029,0.9795318541154415,0.003724303192373285
45,0.15709776878356935,0.05085882642138752,0.012950992584228516,0.005489091342509432,50,100,20,0.2,1,0.075,"{'n_estimators': 50, 'min_samples_split': 100, 'min_samples_leaf': 20, 'max_features': 0.2, 'max_depth': 1, 'learning_rate': 0.075}",0.9121185089070906,0.9117380522137387,0.9649122807017544,0.9471730672179987,0.9121185089070906,0.8771929824561403,0.859562699853081,0.9649122807017544,0.9122266374719541,0.8418133160327629,0.9103768334463366,0.03962036654582719,50,0.9298053563026341,0.9415111331587304,0.9298053563026341,0.9220148442116406,0.9278670206645991,0.9376147208720768,0.9317723236287435,0.9278752436647173,0.9356622469818978,0.9376213583028042,0.9321549604090478,0.005569933274757923
46,0.1157179594039917,0.03576756919865939,0.016776609420776366,0.008353807639136944,20,50,10,0.2,3,0.075,"{'n_estimators': 20, 'min_samples_split': 50, 'min_samples_leaf': 10, 'max_features': 0.2, 'max_depth': 3, 'learning_rate': 0.075}",0.9472711053442543,0.8937573462191458,0.9824561403508771,0.9648473034437947,0.9297813499265406,0.9296946068875893,0.9298245614035088,0.9824453274943908,0.9122266374719541,0.8591293047433399,0.9331433683285395,0.03683507390441326,22,0.9649114807081544,0.9649114807081544,0.9649114807081544,0.9668578203053565,0.9649114807081544,0.9668608429053897,0.9688109161793372,0.9668615984405458,0.9649082804905432,0.9727093442574769,0.9666654725411268,0.002379886964577601
47,0.21378498077392577,0.07264402448100078,0.01193699836730957,0.0049555422684331545,50,100,50,0.1,4,0.005,"{'n_estimators': 50, 'min_samples_split': 100, 'min_samples_leaf': 50, 'max_features': 0.1, 'max_depth': 4, 'learning_rate': 0.005}",0.9121185089070906,0.8937573462191458,0.9649122807017544,0.9648473034437947,0.9121185089070906,0.8771172924607358,0.8771929824561403,0.9649122807017544,0.9122266374719541,0.859562699853081,0.9138765841122541,0.03723965194869544,41,0.927839047607931,0.9259056538750026,0.9180800924999444,0.9161213261029791,0.9219946842393976,0.9259101606927694,0.9259101606927694,0.922018401090096,0.9278450853290834,0.9259005858622716,0.9237525197992245,0.003853809894195377
48,0.13926200866699218,0.04402441843831071,0.010977339744567872,0.006170760809642025,20,50,20,0.1,5,0.005,"{'n_estimators': 20, 'min_samples_split': 50, 'min_samples_leaf': 20, 'max_features': 0.1, 'max_depth': 5, 'learning_rate': 0.005}",0.9117380522137387,0.8937573462191458,0.9649122807017544,0.9648473034437947,0.9121185089070906,0.9122266374719541,0.8769659124699267,0.9649122807017544,0.9122266374719541,0.8591293047433399,0.9172834264344454,0.03531117095703255,39,0.9454149549466583,0.9493096487375664,0.9473624204849779,0.9532128185257069,0.9395582882529759,0.9493173536210283,0.9395697723568872,0.9434672077493234,0.9473672210850307,0.9415138008175721,0.9456093486577728,0.0043117227930045505
49,0.08077440261840821,0.02659017357560161,0.0140153169631958,0.006493305079885215,20,20,50,0.1,2,0.005,"{'n_estimators': 20, 'min_samples_split': 20, 'min_samples_leaf': 50, 'max_features': 0.1, 'max_depth': 2, 'learning_rate': 0.005}",0.8943469785575048,0.8937573462191458,0.9473359824831725,0.9648473034437947,0.9297813499265406,0.8771172924607358,0.8771929824561403,0.9649122807017544,0.9122266374719541,0.8418133160327629,0.9103331469753506,0.03889543458169777,52,0.9258949500274278,0.9239604271569697,0.9141791445237514,0.9180632684912964,0.9200378635655451,0.9278637314645521,0.922018401090096,0.9142006783668408,0.9259005858622716,0.9219881629976087,0.921410721354636,0.0045440383502350235
50,0.21964969635009765,0.07475024697692301,0.011156511306762696,0.004537478074102817,50,50,20,0.2,2,0.005,"{'n_estimators': 50, 'min_samples_split': 50, 'min_samples_leaf': 20, 'max_features': 0.2, 'max_depth': 2, 'learning_rate': 0.005}",0.9121185089070906,0.8755876619653709,0.9649122807017544,0.9648473034437947,0.9121185089070906,0.8596491228070176,0.8421052631578947,0.9649122807017544,0.8945419103313841,0.8418133160327629,0.9032606156955915,0.04670248230165924,74,0.9219810404761375,0.9259141020010585,0.9180944184513675,0.9180632684912964,0.9219946842393976,0.9278637314645521,0.9239644737058792,0.9161774261724562,0.9200445540133086,0.923944819671196,0.921804251868665,0.00354174806074597
51,0.07038230895996093,0.025833477002898356,0.013629770278930664,0.00742532991223754,10,50,1,0.1,4,0.01,"{'n_estimators': 10, 'min_samples_split': 50, 'min_samples_leaf': 1, 'max_features': 0.1, 'max_depth': 4, 'learning_rate': 0.01}",0.9472711053442543,0.9117380522137387,0.9824453274943908,0.9648473034437947,0.9648906749632703,0.8771172924607358,0.9297813499265406,0.9649122807017544,0.9298245614035088,0.9122807017543859,0.9385108649706373,0.03069063039645952,14,0.9707589005599949,0.9668600873013276,0.9707589005599949,0.9727020830065799,0.9688085456838046,0.9668608429053897,0.9727064403815335,0.962962118541318,0.9668590798751819,0.9629570512926078,0.9682234050107734,0.003381541634153307
52,0.13381640911102294,0.05443218340048121,0.014263176918029785,0.005910778451151282,50,30,10,0.1,1,0.075,"{'n_estimators': 50, 'min_samples_split': 30, 'min_samples_leaf': 10, 'max_features': 0.1, 'max_depth': 1, 'learning_rate': 0.075}",0.9121185089070906,0.8937573462191458,0.9649122807017544,0.9648473034437947,0.9121185089070906,0.8771172924607358,0.859562699853081,0.9649122807017544,0.9122266374719541,0.8591293047433399,0.9120702163409741,0.039353354488762544,45,0.9259056538750026,0.9278670206645991,0.9161506608784299,0.920060961882968,0.9297952158154578,0.9278555063641866,0.9259225481751702,0.9239748749005999,0.9298096259194657,0.9317686938606687,0.9259110762336549,0.004532571276765446
53,0.05007195472717285,0.01988371044497206,0.013625144958496094,0.0074004744284171375,10,100,10,0.3,1,0.005,"{'n_estimators': 10, 'min_samples_split': 100, 'min_samples_leaf': 10, 'max_features': 0.3, 'max_depth': 1, 'learning_rate': 0.005}",0.8943469785575048,0.8571929824561405,0.9473359824831725,0.9293892298985678,0.8583431282921945,0.8596491228070176,0.8593892137751786,0.9649122807017544,0.8587784597971355,0.8070175438596491,0.8836354922628316,0.04675695591066969,97,0.8964689825401428,0.8985035688636795,0.8926324804277243,0.888568748636969,0.8965658835021508,0.9024451518638793,0.8985846118968911,0.9064220813081153,0.8965517333442796,0.9064007400365538,0.8983143982420387,0.005339729407647891
54,0.2743613958358765,0.07368144247993476,0.013900351524353028,0.008882678041395302,50,150,5,0.3,2,0.01,"{'n_estimators': 50, 'min_samples_split': 150, 'min_samples_leaf': 5, 'max_features': 0.3, 'max_depth': 2, 'learning_rate': 0.01}",0.92956465237167,0.8571929824561405,0.9649122807017544,0.9648473034437947,0.9298245614035088,0.8596491228070176,0.8418133160327629,0.9649122807017544,0.8945419103313841,0.8418133160327629,0.904907172628255,0.04941351637229742,71,0.9259141020010585,0.939568394490656,0.9278598924309712,0.9356505071857717,0.9356588229789743,0.9395665574194496,0.9395615047405707,0.9356710479928153,0.9259005858622716,0.9454074868262512,0.9350758901928791,0.006232421023405458
55,0.07738230228424073,0.034095837619642515,0.013543820381164551,0.006799784451339144,10,50,10,0.1,5,0.075,"{'n_estimators': 10, 'min_samples_split': 50, 'min_samples_leaf': 10, 'max_features': 0.1, 'max_depth': 5, 'learning_rate': 0.075}",0.9472711053442543,0.92956465237167,1.0,0.9648473034437947,0.9473684210526315,0.9122266374719541,0.9121185089070906,0.9824453274943908,0.9298245614035088,0.8591293047433399,0.9384795822232634,0.037952974597310465,15,0.9766044532634921,0.9629612740426603,0.9727074774733291,0.9727095516569201,0.9688073604360385,0.9649096138942801,0.9668613465954937,0.9707589005599949,0.9688109161793372,0.9649114807081544,0.9690042374809702,0.004037172086048504
56,0.14195489883422852,0.05019507341035359,0.015146422386169433,0.005753021746139901,20,30,5,0.2,3,0.075,"{'n_estimators': 20, 'min_samples_split': 30, 'min_samples_leaf': 5, 'max_features': 0.2, 'max_depth': 3, 'learning_rate': 0.075}",0.9472711053442543,0.8937573462191458,0.9824561403508771,0.9648473034437947,0.9472711053442543,0.9119551120299975,0.9122266374719541,0.9824453274943908,0.9473684210526315,0.8946720248898108,0.9384270523641112,0.0317925964081081,16,0.9668600873013276,0.9727089294396757,0.9668613465954937,0.9766064092628535,0.968810205073915,0.9746588693957114,0.9707595672694614,0.9649122807017544,0.9785575048732943,0.9746588693957114,0.9715394069309198,0.0043762296766335865
57,0.13344357013702393,0.03453094580362692,0.02117793560028076,0.009053281173948049,20,50,1,0.2,3,0.075,"{'n_estimators': 20, 'min_samples_split': 50, 'min_samples_leaf': 1, 'max_features': 0.2, 'max_depth': 3, 'learning_rate': 0.075}",0.9472711053442543,0.8755876619653709,0.9824561403508771,0.9648473034437947,0.9472711053442543,0.8771172924607358,0.9122266374719541,0.9649122807017544,0.9298245614035088,0.8946720248898108,0.9296186113376315,0.03619564677532158,27,0.968810205073915,0.9707589005599949,0.9727095516569201,0.9766076538054362,0.9727089294396757,0.9746588693957114,0.9688094939684927,0.9707602339181286,0.9727083072224311,0.9727095516569201,0.9721241696697625,0.002314920178539146
58,0.0927574872970581,0.038799118795391455,0.013101720809936523,0.004068037479405008,10,30,50,0.3,5,0.01,"{'n_estimators': 10, 'min_samples_split': 30, 'min_samples_leaf': 50, 'max_features': 0.3, 'max_depth': 5, 'learning_rate': 0.01}",0.8943469785575048,0.8571929824561405,0.9473359824831725,0.9648473034437947,0.9121185089070906,0.8596491228070176,0.859562699853081,0.9649122807017544,0.8945419103313841,0.8421052631578947,0.8996613032698836,0.04394831114338243,85,0.9161028215820606,0.9122199924333504,0.9161372715443521,0.9083186587637214,0.9200378635655451,0.9278555063641866,0.9259101606927694,0.9161793372319688,0.9181006475319845,0.9141517336402138,0.9175013993350152,0.005600968712907815
59,0.059870672225952146,0.019205239797846795,0.012073397636413574,0.003885274561128371,10,100,1,0.1,4,0.075,"{'n_estimators': 10, 'min_samples_split': 100, 'min_samples_leaf': 1, 'max_features': 0.1, 'max_depth': 4, 'learning_rate': 0.075}",0.9472711053442543,0.9117380522137387,1.0,0.9648473034437947,0.9648906749632703,0.8771172924607358,0.8947368421052632,0.9649122807017544,0.9122266374719541,0.9298245614035088,0.9367564750108274,0.03616883413545792,18,0.9590624607839928,0.9629612740426603,0.968810205073915,0.9551561493489821,0.9668600873013276,0.9668608429053897,0.9629601480957916,0.9629601480957916,0.959057793533935,0.9649106807145543,0.9629599789896341,0.003997191825239831
60,0.08414328098297119,0.023866344070276223,0.0169602632522583,0.008679860717500399,10,50,50,0.2,4,0.075,"{'n_estimators': 10, 'min_samples_split': 50, 'min_samples_leaf': 50, 'max_features': 0.2, 'max_depth': 4, 'learning_rate': 0.075}",0.8943469785575048,0.8937573462191458,0.9649122807017544,0.9471730672179987,0.9121185089070906,0.8771172924607358,0.859562699853081,0.9824453274943908,0.9122266374719541,0.8418133160327629,0.908547345491642,0.04291540908699464,54,0.9356651805927507,0.9375957473915181,0.925924237050548,0.9337126175798944,0.9414960131795481,0.9376147208720768,0.9278697620812784,0.9298165609810866,0.9317552087228792,0.9317629892232249,0.9333213037674806,0.0045910475977730845
61,0.16616950035095215,0.050929295315174185,0.015149879455566406,0.006180153657795617,50,20,50,0.2,1,0.005,"{'n_estimators': 50, 'min_samples_split': 20, 'min_samples_leaf': 50, 'max_features': 0.2, 'max_depth': 1, 'learning_rate': 0.005}",0.8943469785575048,0.8571929824561405,0.9473359824831725,0.9471730672179987,0.9121185089070906,0.8596491228070176,0.8421052631578947,0.9649122807017544,0.8767371568419967,0.8070175438596491,0.890858888699022,0.04901239135427128,90,0.9082754061245487,0.9102938868753073,0.8965918498569584,0.8945685672113964,0.8985305964580079,0.9083089037617089,0.9103211612536105,0.9064220813081153,0.9044071549856114,0.9122106525378064,0.9049930260373072,0.0059476792942968724
62,0.1458338975906372,0.03909663811419572,0.010649275779724122,0.004786147342159913,20,30,10,0.3,3,0.01,"{'n_estimators': 20, 'min_samples_split': 30, 'min_samples_leaf': 10, 'max_features': 0.3, 'max_depth': 3, 'learning_rate': 0.01}",0.9824561403508771,0.8764332730992342,0.9649122807017544,0.9471730672179987,0.9297813499265406,0.859562699853081,0.9297813499265406,0.9649122807017544,0.9473684210526315,0.8764332730992342,0.9278814135929647,0.040547960345029194,30,0.9512648342666581,0.9629570512926078,0.9571130542066774,0.9571150097465887,0.9649122807017544,0.959059660377205,0.9610133489392526,0.9590624607839928,0.9571130542066774,0.9610127563423938,0.9590623510863807,0.003594353491738361
63,0.26747276782989504,0.10424749312758112,0.012561917304992676,0.008093972862175558,50,50,20,0.1,4,0.005,"{'n_estimators': 50, 'min_samples_split': 50, 'min_samples_leaf': 20, 'max_features': 0.1, 'max_depth': 4, 'learning_rate': 0.005}",0.92956465237167,0.9117380522137387,0.9649122807017544,0.9648473034437947,0.9297813499265406,0.8771172924607358,0.8771929824561403,0.9824453274943908,0.9122266374719541,0.8591293047433399,0.920895518328406,0.03951233251106395,35,0.9473660210079907,0.9551636475253255,0.9493138867361824,0.945417858879351,0.9434633405209023,0.9512670565302144,0.9512670565302144,0.9571150097465887,0.9434607624992436,0.9493119607085626,0.9493146600684577,0.004360827123813975
64,0.059001588821411134,0.015050233328744793,0.013417315483093262,0.004389073632556581,10,30,5,0.1,4,0.005,"{'n_estimators': 10, 'min_samples_split': 30, 'min_samples_leaf': 5, 'max_features': 0.1, 'max_depth': 4, 'learning_rate': 0.005}",0.9117380522137387,0.8755876619653709,1.0,0.9648473034437947,0.9648906749632703,0.9119551120299975,0.9122807017543859,0.9824453274943908,0.9298245614035088,0.8769659124699267,0.9330535307738386,0.040908927667663283,23,0.9687924161904551,0.9610029757236855,0.9707502305389871,0.9688023805789485,0.9590503227545821,0.9727095516569201,0.9668590798751819,0.9668615984405458,0.9746582916335331,0.9668615984405458,0.9676348445833384,0.004549324477392055
65,0.11134023666381836,0.04395550637018826,0.011095285415649414,0.004784034047194241,20,150,50,0.2,4,0.075,"{'n_estimators': 20, 'min_samples_split': 150, 'min_samples_leaf': 50, 'max_features': 0.2, 'max_depth': 4, 'learning_rate': 0.075}",0.8943469785575048,0.8937573462191458,0.9649122807017544,0.9471730672179987,0.9121185089070906,0.8596491228070176,0.8771929824561403,0.9824453274943908,0.9122266374719541,0.8418133160327629,0.908563556786576,0.042900010797430305,53,0.9337050587302654,0.9278670206645991,0.9337216857820693,0.9337050587302654,0.9337126175798944,0.9356676256400591,0.9376213583028042,0.9356710479928153,0.9337201746830469,0.9415138008175721,0.9346905448923393,0.0032924467918356596
66,0.11677343845367431,0.03628192437445256,0.01146242618560791,0.005540568555275546,50,30,20,0.1,1,0.01,"{'n_estimators': 50, 'min_samples_split': 30, 'min_samples_leaf': 20, 'max_features': 0.1, 'max_depth': 1, 'learning_rate': 0.01}",0.8943469785575048,0.8937573462191458,0.9649122807017544,0.9471730672179987,0.8946720248898108,0.8771172924607358,0.8421052631578947,0.9649122807017544,0.8945419103313841,0.8418133160327629,0.9015351760270747,0.04244897345864693,79,0.920022659772608,0.9220059514473711,0.9141941526633374,0.9122199924333504,0.9142065465921082,0.9200652159472064,0.9220106954660728,0.9064128345592878,0.9161442883554212,0.9181006475319845,0.9165382984768747,0.004681061096801
67,0.036778831481933595,0.005195178340121763,0.007047104835510254,0.000920087996262535,20,100,1,0.1,1,0.075,"{'n_estimators': 20, 'min_samples_split': 100, 'min_samples_leaf': 1, 'max_features': 0.1, 'max_depth': 1, 'learning_rate': 0.075}",0.8943469785575048,0.8937573462191458,0.9473359824831725,0.9471730672179987,0.9121185089070906,0.8771172924607358,0.859562699853081,0.9649122807017544,0.9122266374719541,0.8591293047433399,0.9067680098615778,0.03523921352323473,63,0.9180944184513675,0.920060961882968,0.9083507223554932,0.9083716208442209,0.9142163286328047,0.9220006166971282,0.9220237349212317,0.9122787018083846,0.9181193211446008,0.9220106954660728,0.9165527122204272,0.005142655132607501
68,0.20206906795501708,0.018348564375145614,0.006938505172729492,0.0004845020185465025,50,20,10,0.2,4,0.01,"{'n_estimators': 50, 'min_samples_split': 20, 'min_samples_leaf': 10, 'max_features': 0.2, 'max_depth': 4, 'learning_rate': 0.01}",0.9472711053442543,0.9117380522137387,0.9824561403508771,0.9648473034437947,0.9473684210526315,0.9122807017543859,0.9298245614035088,0.9649122807017544,0.9473684210526315,0.8771929824561403,0.9385259969773717,0.02965741331338678,13,0.9707602339181286,0.9805066744696264,0.9707602339181286,0.9785575048732943,0.9707600117019063,0.984405339575701,0.9746586768083187,0.9688106791514022,0.9766080093635516,0.9746588693957114,0.9750486233175769,0.004758897633050512
69,0.11147921085357666,0.0559955486138629,0.012530851364135741,0.006020696970615174,50,30,5,0.1,1,0.01,"{'n_estimators': 50, 'min_samples_split': 30, 'min_samples_leaf': 5, 'max_features': 0.1, 'max_depth': 1, 'learning_rate': 0.01}",0.8943469785575048,0.8937573462191458,0.9649122807017544,0.9471730672179987,0.8946720248898108,0.8771172924607358,0.8421052631578947,0.9649122807017544,0.8945419103313841,0.8418133160327629,0.9015351760270747,0.04244897345864693,79,0.920022659772608,0.9220059514473711,0.9141941526633374,0.9122199924333504,0.9142065465921082,0.9200652159472064,0.9220106954660728,0.9064128345592878,0.9161442883554212,0.9181006475319845,0.9165382984768747,0.004681061096801
70,0.19434130191802979,0.0621289179148158,0.010991811752319336,0.004248239753681756,50,100,50,0.1,5,0.075,"{'n_estimators': 50, 'min_samples_split': 100, 'min_samples_leaf': 50, 'max_features': 0.1, 'max_depth': 5, 'learning_rate': 0.075}",0.9472711053442543,0.92956465237167,1.0,0.9648473034437947,0.9649122807017544,0.9297813499265406,0.9471730672179987,0.9824453274943908,0.9298245614035088,0.9297813499265406,0.9525600997830453,0.023638220098688514,4,0.9883040935672515,0.9902534113060428,0.9902534113060428,0.9922027290448343,0.9863546721275562,0.98635477582846,0.9922027290448343,0.9922027290448343,0.9883040046817758,0.9844051025369575,0.9890837658488589,0.0026442594624240313
71,0.06013474464416504,0.011133809656428949,0.012501168251037597,0.010044025581139033,20,50,70,0.2,3,0.075,"{'n_estimators': 20, 'min_samples_split': 50, 'min_samples_leaf': 70, 'max_features': 0.2, 'max_depth': 3, 'learning_rate': 0.075}",0.8943469785575048,0.8937573462191458,0.9649122807017544,0.9471730672179987,0.9121185089070906,0.8596491228070176,0.8771929824561403,0.9824453274943908,0.8945419103313841,0.8418133160327629,0.9067950840725191,0.043076702190394674,58,0.9317505379243034,0.9239604271569697,0.9298053563026341,0.9259056538750026,0.9220255126847874,0.9298005550274151,0.9298165609810866,0.9376147208720768,0.9220106954660728,0.9415138008175721,0.929420382110792,0.00609121709356538
72,0.055504775047302245,0.0037748235843285275,0.006620573997497559,0.0004656885780348282,10,20,5,0.2,5,0.01,"{'n_estimators': 10, 'min_samples_split': 20, 'min_samples_leaf': 5, 'max_features': 0.2, 'max_depth': 5, 'learning_rate': 0.01}",0.9648906749632703,0.9117380522137387,1.0,0.9648473034437947,0.9648906749632703,0.9122266374719541,0.9298245614035088,0.9824453274943908,0.9649122807017544,0.8771929824561403,0.9472968495111823,0.03600642398077922,6,0.9844029688423281,0.9883038269027181,0.9863532201257349,0.9883032046314267,0.9883032046314267,0.9902531890898205,0.9785573419147312,0.9922027290448343,0.9863544647257486,0.9824541401616592,0.9865488290070428,0.0037448051134711395
73,0.057811832427978514,0.005929685506676093,0.007329487800598144,0.002023872892451943,10,50,10,0.3,5,0.075,"{'n_estimators': 10, 'min_samples_split': 50, 'min_samples_leaf': 10, 'max_features': 0.3, 'max_depth': 5, 'learning_rate': 0.075}",0.9472711053442543,0.8755876619653709,0.9824561403508771,0.9648473034437947,0.9297813499265406,0.8946720248898108,0.9122266374719541,0.9824453274943908,0.9298245614035088,0.8946720248898108,0.9313784137180313,0.03573316332640681,25,0.9668615984405458,0.9746588693957114,0.9649114807081544,0.9727089294396757,0.9668613465954937,0.9668600873013276,0.9785575048732943,0.9727093442574769,0.9629601480957916,0.9727093442574769,0.9699798653364949,0.004711301260693866
74,0.05652840137481689,0.006861052811108701,0.0068329572677612305,0.0007982255897641391,20,100,20,0.1,4,0.005,"{'n_estimators': 20, 'min_samples_split': 100, 'min_samples_leaf': 20, 'max_features': 0.1, 'max_depth': 4, 'learning_rate': 0.005}",0.8943469785575048,0.8937573462191458,0.9649122807017544,0.9648473034437947,0.9121185089070906,0.8771172924607358,0.859562699853081,0.9649122807017544,0.9122266374719541,0.859562699853081,0.9103364028169898,0.03965502993835443,51,0.9337050587302654,0.9297952158154578,0.9239505994013667,0.923923993442237,0.9297952158154578,0.9376147208720768,0.9317629892232249,0.9259101606927694,0.9298005550274151,0.9259005858622716,0.929215909488254,0.0041933318780575145
75,0.05802772045135498,0.005752606645746318,0.007860875129699707,0.0020297069723019057,20,30,70,0.2,3,0.01,"{'n_estimators': 20, 'min_samples_split': 30, 'min_samples_leaf': 70, 'max_features': 0.2, 'max_depth': 3, 'learning_rate': 0.01}",0.8943469785575048,0.8937573462191458,0.9473359824831725,0.9471730672179987,0.9121185089070906,0.8596491228070176,0.8771929824561403,0.9649122807017544,0.8945419103313841,0.8244533748163514,0.9015481554497562,0.04093757703636705,78,0.9200378635655451,0.9219946842393976,0.9122366795231591,0.9083186587637214,0.9142163286328047,0.9200652159472064,0.912274034963717,0.9103007092016973,0.9122566969294161,0.9219881629976087,0.9153689034764273,0.004872021618855092
76,0.1494997262954712,0.044477213184305996,0.011180686950683593,0.004832178662581437,20,150,5,0.3,5,0.075,"{'n_estimators': 20, 'min_samples_split': 150, 'min_samples_leaf': 5, 'max_features': 0.3, 'max_depth': 5, 'learning_rate': 0.075}",0.9648906749632703,0.8400412796697626,0.9649122807017544,0.9296946068875893,0.9472711053442543,0.8771929824561403,0.9473684210526315,0.9824453274943908,0.9473684210526315,0.9122807017543859,0.9313465801376811,0.041551703429160904,26,0.9746588693957114,0.9707595672694614,0.9649120140453273,0.9688106791514022,0.9746582916335331,0.9688085456838046,0.9785565270773295,0.9746577138186622,0.9746586768083187,0.9805068226120858,0.9730987707495636,0.0045131427966987395
77,0.03492326736450195,0.008045992766777726,0.007940673828125,0.0011038197961368422,10,100,50,0.3,1,0.075,"{'n_estimators': 10, 'min_samples_split': 100, 'min_samples_leaf': 50, 'max_features': 0.3, 'max_depth': 1, 'learning_rate': 0.075}",0.8943469785575048,0.8571929824561405,0.9473359824831725,0.9293892298985678,0.8946720248898108,0.8596491228070176,0.8244533748163514,0.9824453274943908,0.8767371568419967,0.8244533748163514,0.8890675555061304,0.04917641071462906,96,0.9063359351920071,0.9083186587637214,0.8985035688636795,0.896504455543649,0.9122767016799846,0.910249539714769,0.9181249216672933,0.9103211612536105,0.9063473457893243,0.9181006475319845,0.9085082936000022,0.006772175122935955
78,0.10441067218780517,0.013029378442528527,0.008611774444580078,0.002309380922829245,50,50,50,0.1,2,0.01,"{'n_estimators': 50, 'min_samples_split': 50, 'min_samples_leaf': 50, 'max_features': 0.1, 'max_depth': 2, 'learning_rate': 0.01}",0.8943469785575048,0.8937573462191458,0.9649122807017544,0.9648473034437947,0.9121185089070906,0.8596491228070176,0.859562699853081,0.9649122807017544,0.9122266374719541,0.8418133160327629,0.906814647469586,0.04379991091151669,56,0.9258949500274278,0.9278598924309712,0.9200378635655451,0.9180632684912964,0.9200378635655451,0.9278555063641866,0.9239644737058792,0.9180875711474888,0.923944819671196,0.9278450853290834,0.923359129429862,0.0038162156385588924
79,0.09015202522277832,0.01679996353765471,0.010189414024353027,0.005625531465853289,20,150,20,0.3,3,0.005,"{'n_estimators': 20, 'min_samples_split': 150, 'min_samples_leaf': 20, 'max_features': 0.3, 'max_depth': 3, 'learning_rate': 0.005}",0.9121185089070906,0.8583431282921945,0.9473359824831725,0.9293892298985678,0.9297813499265406,0.8769659124699267,0.859562699853081,0.9649122807017544,0.8945419103313841,0.8591293047433399,0.9032080307607051,0.03721577967896483,76,0.9220148442116406,0.9434543157989571,0.9337005241925589,0.9356622469818978,0.9434684967209588,0.9434504457087086,0.9473624204849779,0.9375957473915181,0.9356710479928153,0.9434697855750487,0.9385849875059081,0.006989820941863239
80,0.1720590114593506,0.06653948921891052,0.012373900413513184,0.0052291912601459154,50,30,70,0.1,5,0.005,"{'n_estimators': 50, 'min_samples_split': 30, 'min_samples_leaf': 70, 'max_features': 0.1, 'max_depth': 5, 'learning_rate': 0.005}",0.8943469785575048,0.8937573462191458,0.9473359824831725,0.9471730672179987,0.9121185089070906,0.8596491228070176,0.8947368421052632,0.9649122807017544,0.9122266374719541,0.8418133160327629,0.9068070082503665,0.03691219946457916,57,0.9239505994013667,0.9259056538750026,0.9180800924999444,0.9141615193718343,0.9141941526633374,0.9259005858622716,0.9200718985224976,0.9181006475319845,0.9181112302393767,0.9259005858622716,0.9204376965829887,0.004436935337873415
81,0.06414103507995605,0.03226611094716813,0.012852621078491212,0.007824814200608888,10,20,1,0.3,2,0.005,"{'n_estimators': 10, 'min_samples_split': 20, 'min_samples_leaf': 1, 'max_features': 0.3, 'max_depth': 2, 'learning_rate': 0.005}",0.8943469785575048,0.8583431282921945,0.9649122807017544,0.9648473034437947,0.8943469785575048,0.859562699853081,0.8771172924607358,0.9649122807017544,0.8945419103313841,0.8769659124699267,0.9049896765369635,0.04111176736448518,69,0.9180944184513675,0.9376170913676093,0.9278094046171218,0.9278094046171218,0.9258295310926891,0.9493165832451118,0.9356676256400591,0.9259225481751702,0.933709091146162,0.9317723236287435,0.9313548021981155,0.008044717274981246
82,0.2255957841873169,0.0801349416277062,0.012700033187866212,0.006387568651213466,50,20,10,0.2,2,0.075,"{'n_estimators': 50, 'min_samples_split': 20, 'min_samples_leaf': 10, 'max_features': 0.2, 'max_depth': 2, 'learning_rate': 0.075}",0.9648906749632703,0.9117380522137387,1.0,0.9648473034437947,0.9297813499265406,0.9473359824831725,0.9298245614035088,0.9649122807017544,0.9648906749632703,0.8946720248898108,0.9472892904988861,0.029429413989893384,7,0.9746586768083187,0.9805066744696264,0.9746588693957114,0.9746586768083187,0.9746588693957114,0.9766081871345029,0.9785573419147312,0.9785573419147312,0.9746588693957114,0.9785573419147312,0.9766080849152095,0.0021353340823765513
83,0.23826794624328612,0.06448563730375113,0.010346126556396485,0.004831021639744838,50,30,1,0.1,4,0.005,"{'n_estimators': 50, 'min_samples_split': 30, 'min_samples_leaf': 1, 'max_features': 0.1, 'max_depth': 4, 'learning_rate': 0.005}",0.9472711053442543,0.9117380522137387,0.9824561403508771,0.9648473034437947,0.9472711053442543,0.8771172924607358,0.9298245614035088,0.9824453274943908,0.9473684210526315,0.9122807017543859,0.9402620010862572,0.03163184304304935,11,0.9746586768083187,0.9766081871345029,0.9727089294396757,0.9746577138186622,0.9746586768083187,0.9727093442574769,0.9805068226120858,0.9766076538054362,0.9785575048732943,0.9727093442574769,0.9754382853815249,0.0024964812579270253
84,0.07817096710205078,0.009369421569228811,0.007062768936157227,0.0013425221355336959,50,30,5,0.1,1,0.075,"{'n_estimators': 50, 'min_samples_split': 30, 'min_samples_leaf': 5, 'max_features': 0.1, 'max_depth': 1, 'learning_rate': 0.075}",0.9121185089070906,0.8937573462191458,0.9649122807017544,0.9648473034437947,0.9121185089070906,0.8771172924607358,0.859562699853081,0.9649122807017544,0.9122266374719541,0.8591293047433399,0.9120702163409741,0.039353354488762544,45,0.9259056538750026,0.9278670206645991,0.9161506608784299,0.920060961882968,0.9297952158154578,0.9278555063641866,0.9259225481751702,0.9239748749005999,0.9298165609810866,0.9317686938606687,0.9259117697398169,0.0045331682126275585
85,0.22218804359436034,0.05386888888212594,0.009871363639831543,0.008744878273305702,50,20,50,0.3,5,0.01,"{'n_estimators': 50, 'min_samples_split': 20, 'min_samples_leaf': 50, 'max_features': 0.3, 'max_depth': 5, 'learning_rate': 0.01}",0.8943469785575048,0.8937573462191458,0.9649122807017544,0.9648473034437947,0.9121185089070906,0.8596491228070176,0.859562699853081,0.9649122807017544,0.8945419103313841,0.8418133160327629,0.9050461747555291,0.0439025938211423,65,0.923938455586738,0.9278670206645991,0.9220059514473711,0.9200506301398983,0.9220148442116406,0.9337156409265817,0.92592536298458,0.9142261084133549,0.9278450853290834,0.9259174810355912,0.9243506580739439,0.004993332492505713
86,0.2137395143508911,0.0680003661713073,0.011751198768615722,0.00525795630948429,50,20,50,0.3,2,0.005,"{'n_estimators': 50, 'min_samples_split': 20, 'min_samples_leaf': 50, 'max_features': 0.3, 'max_depth': 2, 'learning_rate': 0.005}",0.9121185089070906,0.8755876619653709,0.9649122807017544,0.9648473034437947,0.9121185089070906,0.8596491228070176,0.8418133160327629,0.9649122807017544,0.8945419103313841,0.8418133160327629,0.9032314209830783,0.04674077823474812,75,0.9161506608784299,0.9180944184513675,0.9064071417368452,0.9083186587637214,0.9200506301398983,0.9220237349212317,0.9181249216672933,0.9103272951594166,0.9200561016468013,0.9220106954660728,0.9161564258831078,0.00545122747106439
87,0.04104933738708496,0.010780296728360155,0.008766388893127442,0.002751100763638881,20,20,50,0.1,1,0.005,"{'n_estimators': 20, 'min_samples_split': 20, 'min_samples_leaf': 50, 'max_features': 0.1, 'max_depth': 1, 'learning_rate': 0.005}",0.8943469785575048,0.8937573462191458,0.9473359824831725,0.9648473034437947,0.9121185089070906,0.8771172924607358,0.8596491228070176,0.9649122807017544,0.8945419103313841,0.8244533748163514,0.903308010072795,0.043193429397181654,72,0.920022659772608,0.9220059514473711,0.9082984328920196,0.9121538476226835,0.9180800924999444,0.9181112302393767,0.9103007092016973,0.9044572922120308,0.9141869792973694,0.9142006783668408,0.9141817873551942,0.005237613915391729
88,0.03741285800933838,0.0052025584484769235,0.006719565391540528,0.0007568387063019283,10,50,5,0.3,2,0.005,"{'n_estimators': 10, 'min_samples_split': 50, 'min_samples_leaf': 5, 'max_features': 0.3, 'max_depth': 2, 'learning_rate': 0.005}",0.8943469785575048,0.8583431282921945,0.9649122807017544,0.9648473034437947,0.8943469785575048,0.859562699853081,0.8771172924607358,0.9649122807017544,0.8945419103313841,0.8769659124699267,0.9049896765369635,0.04111176736448518,69,0.9180944184513675,0.9376170913676093,0.9278094046171218,0.9258667667302205,0.9258295310926891,0.9493165832451118,0.9356676256400591,0.9259225481751702,0.933709091146162,0.9317723236287435,0.9311605384094255,0.008150742698904269
89,0.07674508094787598,0.03470406990421337,0.012119436264038086,0.005054832783363245,10,150,20,0.3,4,0.005,"{'n_estimators': 10, 'min_samples_split': 150, 'min_samples_leaf': 20, 'max_features': 0.3, 'max_depth': 4, 'learning_rate': 0.005}",0.8943469785575048,0.8755876619653709,0.9649122807017544,0.9648473034437947,0.8943469785575048,0.8596491228070176,0.859562699853081,0.9473684210526315,0.8945419103313841,0.859562699853081,0.9014726057123126,0.04028531824077902,83,0.9161506608784299,0.9180800924999444,0.9122199924333504,0.9083186587637214,0.9219946842393976,0.9337156409265817,0.9298213614291085,0.9278670206645991,0.9200652159472064,0.9200445540133086,0.9208277881795649,0.007477207623671828
90,0.12336137294769287,0.0484887601708971,0.007837414741516113,0.0013679797779292415,50,100,1,0.2,1,0.005,"{'n_estimators': 50, 'min_samples_split': 100, 'min_samples_leaf': 1, 'max_features': 0.2, 'max_depth': 1, 'learning_rate': 0.005}",0.8943469785575048,0.8571929824561405,0.9473359824831725,0.9471730672179987,0.9121185089070906,0.8596491228070176,0.8421052631578947,0.9649122807017544,0.8767371568419967,0.8070175438596491,0.890858888699022,0.04901239135427128,90,0.9082754061245487,0.9102938868753073,0.8965918498569584,0.8945685672113964,0.8985305964580079,0.9083089037617089,0.9103211612536105,0.9064220813081153,0.9044071549856114,0.9122106525378064,0.9049930260373072,0.0059476792942968724
91,0.3300796985626221,0.07351444951298824,0.011140823364257812,0.00506494263762152,50,20,20,0.3,5,0.005,"{'n_estimators': 50, 'min_samples_split': 20, 'min_samples_leaf': 20, 'max_features': 0.3, 'max_depth': 5, 'learning_rate': 0.005}",0.92956465237167,0.8937573462191458,0.9649122807017544,0.9648473034437947,0.9297813499265406,0.9122807017543859,0.8946720248898108,0.9649122807017544,0.9298245614035088,0.8418133160327629,0.9226365817445128,0.03709797651204215,32,0.9649066798952383,0.9785573419147312,0.9610133489392526,0.9727083072224311,0.9785565270773295,0.9766080093635516,0.959059660377205,0.9707569002694322,0.9668615984405458,0.9649066798952383,0.9693935053394954,0.00675663987787913
92,0.06553258895874023,0.010997495530436715,0.008658862113952637,0.002599798377646018,20,100,20,0.1,5,0.075,"{'n_estimators': 20, 'min_samples_split': 100, 'min_samples_leaf': 20, 'max_features': 0.1, 'max_depth': 5, 'learning_rate': 0.075}",0.92956465237167,0.92956465237167,1.0,0.9648473034437947,0.9297813499265406,0.9298245614035088,0.8769659124699267,0.9649122807017544,0.9122266374719541,0.8946720248898108,0.9332359375050631,0.034066874392131984,21,0.957114031976633,0.9766071204763696,0.9688109161793372,0.968810205073915,0.9727095516569201,0.9727095516569201,0.9590643274853801,0.9629629629629629,0.9649106807145543,0.9668608429053897,0.9670560191088382,0.0058771519661862835
93,0.1886064052581787,0.045205927854235946,0.01137247085571289,0.006529192028054118,50,20,10,0.2,3,0.01,"{'n_estimators': 50, 'min_samples_split': 20, 'min_samples_leaf': 10, 'max_features': 0.2, 'max_depth': 3, 'learning_rate': 0.01}",0.9472711053442543,0.9117380522137387,0.9824561403508771,0.9648473034437947,0.9473684210526315,0.8596491228070176,0.9122807017543859,0.9649122807017544,0.9473684210526315,0.8418133160327629,0.9279704864753848,0.044066862729160654,28,0.9590624607839928,0.9668613465954937,0.957114031976633,0.959059660377205,0.9571117503152314,0.9571146838331779,0.9610133489392526,0.9610136452241715,0.9571130542066774,0.9649106807145543,0.960037466296639,0.0032913021605504578
94,0.06039009094238281,0.014546694795827242,0.009170269966125489,0.002253710246590982,20,100,1,0.3,1,0.005,"{'n_estimators': 20, 'min_samples_split': 100, 'min_samples_leaf': 1, 'max_features': 0.3, 'max_depth': 1, 'learning_rate': 0.005}",0.8943469785575048,0.8571929824561405,0.9473359824831725,0.9471730672179987,0.8769659124699267,0.8596491228070176,0.8771172924607358,0.9649122807017544,0.8767371568419967,0.8070175438596491,0.8908448319855896,0.046449006326952834,93,0.9005159914244637,0.9005507838325565,0.8965918498569584,0.8945685672113964,0.8985305964580079,0.9063679985769239,0.9005432257238718,0.9064220813081153,0.9024666651842956,0.9064007400365538,0.9012958499613143,0.003952163630210375
95,0.04044864177703857,0.01816012547972435,0.00858776569366455,0.002916826918548643,10,30,50,0.1,2,0.075,"{'n_estimators': 10, 'min_samples_split': 30, 'min_samples_leaf': 50, 'max_features': 0.1, 'max_depth': 2, 'learning_rate': 0.075}",0.9121185089070906,0.9117380522137387,0.9648473034437947,0.9648473034437947,0.9473684210526315,0.8771172924607358,0.8771929824561403,0.9649122807017544,0.9122266374719541,0.8769659124699267,0.9209334694621563,0.03534698561864428,33,0.9337126175798944,0.9278670206645991,0.9259141020010585,0.9258949500274278,0.9278598924309712,0.9278637314645521,0.9376218323586745,0.9337201746830469,0.9356676256400591,0.9415080215995548,0.9317629968449838,0.005161684051653896
96,0.04385557174682617,0.007319250072385113,0.008630752563476562,0.0029002780271067032,20,100,1,0.1,2,0.075,"{'n_estimators': 20, 'min_samples_split': 100, 'min_samples_leaf': 1, 'max_features': 0.1, 'max_depth': 2, 'learning_rate': 0.075}",0.9472711053442543,0.9117380522137387,0.9649122807017544,0.9648473034437947,0.9121185089070906,0.8771172924607358,0.8947368421052632,0.9649122807017544,0.9122266374719541,0.8591293047433399,0.920900960809368,0.036268857945278614,34,0.9415111331587304,0.9415044635855284,0.9375957473915181,0.9414857803571031,0.9375957473915181,0.9376085563728583,0.9415138008175721,0.9434607624992436,0.9473600202579164,0.9473600202579164,0.9416996032089904,0.003431560824332787
97,0.1977750539779663,0.016302686312773273,0.006507158279418945,0.00029276129817766024,50,30,5,0.3,3,0.01,"{'n_estimators': 50, 'min_samples_split': 30, 'min_samples_leaf': 5, 'max_features': 0.3, 'max_depth': 3, 'learning_rate': 0.01}",0.9824561403508771,0.8583431282921945,0.9649122807017544,0.9471730672179987,0.9472711053442543,0.859562699853081,0.9122807017543859,0.9649122807017544,0.9473684210526315,0.8946720248898108,0.9278951850158743,0.04206911708714606,29,0.9649122807017544,0.9688094939684927,0.9590643274853801,0.9629626814890813,0.9629601480957916,0.9610136452241715,0.9668608429053897,0.9668613465954937,0.9649120140453273,0.9688106791514022,0.9647167459662285,0.003075855493852956
98,0.09618771076202393,0.009080398477262702,0.0063713788986206055,0.0005783737951190492,50,50,5,0.3,1,0.075,"{'n_estimators': 50, 'min_samples_split': 50, 'min_samples_leaf': 5, 'max_features': 0.3, 'max_depth': 1, 'learning_rate': 0.075}",0.9297813499265406,0.9117380522137387,0.9649122807017544,0.9471730672179987,0.8946720248898108,0.8771929824561403,0.859562699853081,0.9649122807017544,0.9122266374719541,0.8418133160327629,0.9103984691465536,0.04039163177692656,49,0.931766100628675,0.9415111331587304,0.9278598924309712,0.9220148442116406,0.9337216857820693,0.9376147208720768,0.9337226931967294,0.9376218323586745,0.933709091146162,0.941520023408879,0.9341062017194608,0.005706252136240129
99,0.06450767517089843,0.008823623296072492,0.006409311294555664,0.0017551988535492362,20,20,70,0.3,5,0.01,"{'n_estimators': 20, 'min_samples_split': 20, 'min_samples_leaf': 70, 'max_features': 0.3, 'max_depth': 5, 'learning_rate': 0.01}",0.8943469785575048,0.8755876619653709,0.9473359824831725,0.9471730672179987,0.9121185089070906,0.8596491228070176,0.8771172924607358,0.9824453274943908,0.8767371568419967,0.8244533748163514,0.8996964473551632,0.04520768219324816,84,0.9161372715443521,0.9161506608784299,0.9083507223554932,0.9122006272370401,0.9161697807723721,0.9220266978785051,0.9200652159472064,0.9083437570396465,0.9200445540133086,0.9181006475319845,0.9157589935198338,0.004524074157571494
