,mean_fit_time,std_fit_time,mean_score_time,std_score_time,param_n_estimators,param_learning_rate,param_base_estimator,param_algorithm,params,split0_test_score,split1_test_score,split2_test_score,split3_test_score,split4_test_score,split5_test_score,split6_test_score,split7_test_score,split8_test_score,split9_test_score,mean_test_score,std_test_score,rank_test_score,split0_train_score,split1_train_score,split2_train_score,split3_train_score,split4_train_score,split5_train_score,split6_train_score,split7_train_score,split8_train_score,split9_train_score,mean_train_score,std_train_score
0,0.04120314121246338,0.01996566881777095,0.013762474060058594,0.00726582447046575,2940,0.8563311036789297,DecisionTreeClassifier(random_state=1),SAMME,"{'n_estimators': 2940, 'learning_rate': 0.8563311036789297, 'base_estimator': DecisionTreeClassifier(random_state=1), 'algorithm': 'SAMME'}",0.6451612903225806,0.7535855459603954,0.7162944582299421,0.7271176443900005,0.6426021006541739,0.70784133898888,0.7755316792202037,0.7106778910057596,0.6065573770491803,0.7099823686086209,0.6995351694429737,0.04988350326744756,47,1.0,1.0,1.0,1.0,1.0,1.0,1.0,1.0,1.0,1.0,1.0,0.0
1,26.802553606033324,4.211526910868078,1.3995580196380615,0.13051566138177875,2410,0.28499665551839465,LogisticRegression(random_state=1),SAMME.R,"{'n_estimators': 2410, 'learning_rate': 0.28499665551839465, 'base_estimator': LogisticRegression(random_state=1), 'algorithm': 'SAMME.R'}",0.6918766728719217,0.8281199087650701,0.7183217372970694,0.7162944582299421,0.6906214258482654,0.8468294717089316,0.7704918032786885,0.7937476172321769,0.7825399960497729,0.744715786181553,0.7583558877463392,0.05219646780091825,4,0.7815088503179242,0.7586324643388913,0.7661167290105535,0.7689382794287396,0.7654231482835785,0.7539467789442632,0.7593331692650096,0.7523219434186074,0.7719973423251444,0.7640560743099712,0.7642274779642683,0.008300177766533119
2,40.248431062698366,2.878782281380293,2.6677838802337646,0.2738238426087728,3680,0.14466889632107022,LogisticRegression(random_state=1),SAMME.R,"{'n_estimators': 3680, 'learning_rate': 0.14466889632107022, 'base_estimator': LogisticRegression(random_state=1), 'algorithm': 'SAMME.R'}",0.6918766728719217,0.8281199087650701,0.7183217372970694,0.7162944582299421,0.6906214258482654,0.8468294717089316,0.7704918032786885,0.7937476172321769,0.7825399960497729,0.744715786181553,0.7583558877463392,0.05219646780091825,4,0.7815088503179242,0.7586324643388913,0.7661167290105535,0.7689382794287396,0.7654231482835785,0.7539467789442632,0.7593331692650096,0.7523219434186074,0.7719973423251444,0.7640560743099712,0.7642274779642683,0.008300177766533119
3,37.2884407043457,5.576156033432034,2.4512810945510863,0.6786176978776111,2480,0.2816555183946488,LogisticRegression(random_state=1),SAMME.R,"{'n_estimators': 2480, 'learning_rate': 0.2816555183946488, 'base_estimator': LogisticRegression(random_state=1), 'algorithm': 'SAMME.R'}",0.6918766728719217,0.8281199087650701,0.7183217372970694,0.7162944582299421,0.6906214258482654,0.8468294717089316,0.7704918032786885,0.7937476172321769,0.7825399960497729,0.744715786181553,0.7583558877463392,0.05219646780091825,4,0.7815088503179242,0.7586324643388913,0.7661167290105535,0.7689382794287396,0.7654231482835785,0.7539467789442632,0.7593331692650096,0.7523219434186074,0.7719973423251444,0.7640560743099712,0.7642274779642683,0.008300177766533119
4,0.027917814254760743,0.013481900281455475,0.013992094993591308,0.01063340412078095,1480,0.482123745819398,DecisionTreeClassifier(random_state=1),SAMME.R,"{'n_estimators': 1480, 'learning_rate': 0.482123745819398, 'base_estimator': DecisionTreeClassifier(random_state=1), 'algorithm': 'SAMME.R'}",0.6451612903225806,0.7535855459603954,0.7162944582299421,0.7271176443900005,0.6426021006541739,0.70784133898888,0.7755316792202037,0.7106778910057596,0.6065573770491803,0.7099823686086209,0.6995351694429737,0.04988350326744756,47,1.0,1.0,1.0,1.0,1.0,1.0,1.0,1.0,1.0,1.0,1.0,0.0
5,0.03687875270843506,0.016442617288845204,0.011949849128723145,0.004695252022234448,4960,0.4888060200668896,DecisionTreeClassifier(random_state=1),SAMME,"{'n_estimators': 4960, 'learning_rate': 0.4888060200668896, 'base_estimator': DecisionTreeClassifier(random_state=1), 'algorithm': 'SAMME'}",0.6451612903225806,0.7535855459603954,0.7162944582299421,0.7271176443900005,0.6426021006541739,0.70784133898888,0.7755316792202037,0.7106778910057596,0.6065573770491803,0.7099823686086209,0.6995351694429737,0.04988350326744756,47,1.0,1.0,1.0,1.0,1.0,1.0,1.0,1.0,1.0,1.0,1.0,0.0
6,0.036779356002807614,0.017170136544517278,0.012692666053771973,0.006646177036595814,3190,0.7861672240802675,DecisionTreeClassifier(random_state=1),SAMME,"{'n_estimators': 3190, 'learning_rate': 0.7861672240802675, 'base_estimator': DecisionTreeClassifier(random_state=1), 'algorithm': 'SAMME'}",0.6451612903225806,0.7535855459603954,0.7162944582299421,0.7271176443900005,0.6426021006541739,0.70784133898888,0.7755316792202037,0.7106778910057596,0.6065573770491803,0.7099823686086209,0.6995351694429737,0.04988350326744756,47,1.0,1.0,1.0,1.0,1.0,1.0,1.0,1.0,1.0,1.0,1.0,0.0
7,0.02442495822906494,0.009166077977455885,0.010994482040405273,0.0032538805877938438,4830,0.1413277591973244,DecisionTreeClassifier(random_state=1),SAMME,"{'n_estimators': 4830, 'learning_rate': 0.1413277591973244, 'base_estimator': DecisionTreeClassifier(random_state=1), 'algorithm': 'SAMME'}",0.6451612903225806,0.7535855459603954,0.7162944582299421,0.7271176443900005,0.6426021006541739,0.70784133898888,0.7755316792202037,0.7106778910057596,0.6065573770491803,0.7099823686086209,0.6995351694429737,0.04988350326744756,47,1.0,1.0,1.0,1.0,1.0,1.0,1.0,1.0,1.0,1.0,1.0,0.0
8,0.32336175441741943,0.03683028862631086,0.024187612533569335,0.013954998533789387,4800,0.5322408026755853,LogisticRegression(random_state=1),SAMME,"{'n_estimators': 4800, 'learning_rate': 0.5322408026755853, 'base_estimator': LogisticRegression(random_state=1), 'algorithm': 'SAMME'}",0.6836965998256319,0.8129352934692201,0.702073732718894,0.6878750248831674,0.6906214258482654,0.8829061517191084,0.7251720956638988,0.7937476172321769,0.7343462614954017,0.7856018086592522,0.7498976011515017,0.06304442417972925,38,0.7708707629656246,0.7407961291880575,0.7496641319816222,0.7542374354605983,0.7583752174104808,0.7392656645616488,0.7466102937289264,0.749410900028605,0.7550799718658828,0.7555968314842471,0.7519907338675694,0.008677997730821214
9,0.03218982219696045,0.012339951906561931,0.010796570777893066,0.005271026362209702,1550,0.7661204013377926,DecisionTreeClassifier(random_state=1),SAMME.R,"{'n_estimators': 1550, 'learning_rate': 0.7661204013377926, 'base_estimator': DecisionTreeClassifier(random_state=1), 'algorithm': 'SAMME.R'}",0.6451612903225806,0.7535855459603954,0.7162944582299421,0.7271176443900005,0.6426021006541739,0.70784133898888,0.7755316792202037,0.7106778910057596,0.6065573770491803,0.7099823686086209,0.6995351694429737,0.04988350326744756,47,1.0,1.0,1.0,1.0,1.0,1.0,1.0,1.0,1.0,1.0,1.0,0.0
10,0.02548518180847168,0.008551216291274625,0.011260581016540528,0.006174280248660988,3490,0.9198127090301003,DecisionTreeClassifier(random_state=1),SAMME.R,"{'n_estimators': 3490, 'learning_rate': 0.9198127090301003, 'base_estimator': DecisionTreeClassifier(random_state=1), 'algorithm': 'SAMME.R'}",0.6451612903225806,0.7535855459603954,0.7162944582299421,0.7271176443900005,0.6426021006541739,0.70784133898888,0.7755316792202037,0.7106778910057596,0.6065573770491803,0.7099823686086209,0.6995351694429737,0.04988350326744756,47,1.0,1.0,1.0,1.0,1.0,1.0,1.0,1.0,1.0,1.0,1.0,0.0
11,0.21255197525024414,0.04328063036592677,0.018111276626586913,0.010283331673537089,4600,0.9599063545150501,LogisticRegression(random_state=1),SAMME,"{'n_estimators': 4600, 'learning_rate': 0.9599063545150501, 'base_estimator': LogisticRegression(random_state=1), 'algorithm': 'SAMME'}",0.6355935922756198,0.8042036641564573,0.7442370626101342,0.6774193548387096,0.6679328268692524,0.7744307311400384,0.7280176799939035,0.7976087760384568,0.7434647762516614,0.7898374849194522,0.7362745949093685,0.055817193784120145,46,0.7708576204431403,0.7307032293284415,0.75343734216286,0.7698951711383621,0.7616584137613128,0.7593481116401112,0.7292645535212507,0.7166964717278898,0.7580743297577238,0.74839458515555,0.7498329828636642,0.017449703705224737
12,1.5294991493225099,0.28436603989177206,0.056982803344726565,0.013753391982669297,1380,0.11793979933110367,LogisticRegression(random_state=1),SAMME,"{'n_estimators': 1380, 'learning_rate': 0.11793979933110367, 'base_estimator': LogisticRegression(random_state=1), 'algorithm': 'SAMME'}",0.6973589211063473,0.8129352934692201,0.7207302854217814,0.7207302854217814,0.6906214258482654,0.8360655737704918,0.7422065498743293,0.7937476172321769,0.7675529788084767,0.7856018086592522,0.7567550739612122,0.047405002132542035,27,0.7655954631379962,0.7477467240513206,0.7582703213610585,0.764126538881097,0.7559829800856331,0.7453685018285907,0.7543392561031075,0.7497801399723287,0.751424449057911,0.7555968314842471,0.7548231205963291,0.006269816600628002
13,37.719254994392394,3.896687814252727,2.2557300329208374,0.26831849297069543,3290,0.42866555183946486,LogisticRegression(random_state=1),SAMME.R,"{'n_estimators': 3290, 'learning_rate': 0.42866555183946486, 'base_estimator': LogisticRegression(random_state=1), 'algorithm': 'SAMME.R'}",0.6918766728719217,0.8281199087650701,0.7183217372970694,0.7162944582299421,0.6906214258482654,0.8468294717089316,0.7704918032786885,0.7937476172321769,0.7825399960497729,0.744715786181553,0.7583558877463392,0.05219646780091825,4,0.7815088503179242,0.7586324643388913,0.7661167290105535,0.7689382794287396,0.7654231482835785,0.7539467789442632,0.7593331692650096,0.7523219434186074,0.7719973423251444,0.7640560743099712,0.7642274779642683,0.008300177766533119
14,0.016049623489379883,0.0018026636447039544,0.00579524040222168,0.0008710797463959179,3020,0.14466889632107022,DecisionTreeClassifier(random_state=1),SAMME,"{'n_estimators': 3020, 'learning_rate': 0.14466889632107022, 'base_estimator': DecisionTreeClassifier(random_state=1), 'algorithm': 'SAMME'}",0.6451612903225806,0.7535855459603954,0.7162944582299421,0.7271176443900005,0.6426021006541739,0.70784133898888,0.7755316792202037,0.7106778910057596,0.6065573770491803,0.7099823686086209,0.6995351694429737,0.04988350326744756,47,1.0,1.0,1.0,1.0,1.0,1.0,1.0,1.0,1.0,1.0,1.0,0.0
15,7.751080012321472,14.244299437486205,0.24907319545745848,0.44881599388821664,3390,0.17808026755852843,LogisticRegression(random_state=1),SAMME,"{'n_estimators': 3390, 'learning_rate': 0.17808026755852843, 'base_estimator': LogisticRegression(random_state=1), 'algorithm': 'SAMME'}",0.6973589211063473,0.8129352934692201,0.7207302854217814,0.7207302854217814,0.6906214258482654,0.8360655737704918,0.7251720956638988,0.7937476172321769,0.7675529788084767,0.7856018086592522,0.7550516285401693,0.04819662848567354,28,0.7801070441032782,0.7530699703911486,0.7589727082519027,0.7665326837367612,0.7620361989648671,0.7433395213017543,0.7580058343702254,0.7550799718658828,0.7497801399723287,0.7526960269558257,0.7579620099913975,0.009603178518767994
16,9.846655178070069,0.6713604988565005,0.6094417572021484,0.029009403156696333,1110,0.849648829431438,LogisticRegression(random_state=1),SAMME.R,"{'n_estimators': 1110, 'learning_rate': 0.849648829431438, 'base_estimator': LogisticRegression(random_state=1), 'algorithm': 'SAMME.R'}",0.6918766728719217,0.8281199087650701,0.7183217372970694,0.7162944582299421,0.6906214258482654,0.8468294717089316,0.7704918032786885,0.7937476172321769,0.7825399960497729,0.744715786181553,0.7583558877463392,0.05219646780091825,4,0.7815088503179242,0.7586324643388913,0.7661167290105535,0.7689382794287396,0.7654231482835785,0.7539467789442632,0.7593331692650096,0.7523219434186074,0.7719973423251444,0.7640560743099712,0.7642274779642683,0.008300177766533119
17,3.571061038970947,0.10044674746040175,0.18181345462799073,0.037641978844098534,290,0.05779933110367893,LogisticRegression(random_state=1),SAMME.R,"{'n_estimators': 290, 'learning_rate': 0.05779933110367893, 'base_estimator': LogisticRegression(random_state=1), 'algorithm': 'SAMME.R'}",0.6918766728719217,0.8281199087650701,0.7044167141303784,0.7162944582299421,0.6906214258482654,0.8468294717089316,0.7526174715299065,0.7741473525532315,0.7638769053781996,0.744715786181553,0.75135161671974,0.05137009927168993,36,0.7726953805762399,0.7474928830227745,0.758155004278761,0.7646978974156003,0.763782291357237,0.7518123308045412,0.7507597590472438,0.7523219434186074,0.7603109326323517,0.7534355573385545,0.7575463979891911,0.0074279211841310816
18,0.01665158271789551,0.001760155470684309,0.007044243812561035,0.001108587032954213,4650,0.6825919732441471,DecisionTreeClassifier(random_state=1),SAMME.R,"{'n_estimators': 4650, 'learning_rate': 0.6825919732441471, 'base_estimator': DecisionTreeClassifier(random_state=1), 'algorithm': 'SAMME.R'}",0.6451612903225806,0.7535855459603954,0.7162944582299421,0.7271176443900005,0.6426021006541739,0.70784133898888,0.7755316792202037,0.7106778910057596,0.6065573770491803,0.7099823686086209,0.6995351694429737,0.04988350326744756,47,1.0,1.0,1.0,1.0,1.0,1.0,1.0,1.0,1.0,1.0,1.0,0.0
19,0.019051098823547365,0.004360115289315241,0.006364011764526367,0.000851220208511441,4440,0.43868896321070233,DecisionTreeClassifier(random_state=1),SAMME.R,"{'n_estimators': 4440, 'learning_rate': 0.43868896321070233, 'base_estimator': DecisionTreeClassifier(random_state=1), 'algorithm': 'SAMME.R'}",0.6451612903225806,0.7535855459603954,0.7162944582299421,0.7271176443900005,0.6426021006541739,0.70784133898888,0.7755316792202037,0.7106778910057596,0.6065573770491803,0.7099823686086209,0.6995351694429737,0.04988350326744756,47,1.0,1.0,1.0,1.0,1.0,1.0,1.0,1.0,1.0,1.0,1.0,0.0
20,5.820644211769104,8.29975840656022,0.19916396141052245,0.2746220368781671,1950,0.2582675585284281,LogisticRegression(random_state=1),SAMME,"{'n_estimators': 1950, 'learning_rate': 0.2582675585284281, 'base_estimator': LogisticRegression(random_state=1), 'algorithm': 'SAMME'}",0.6823712507074136,0.8129352934692201,0.7207302854217814,0.7063054962346859,0.6906214258482654,0.8360655737704918,0.7589815137774677,0.8127915765331388,0.7675529788084767,0.7856018086592522,0.7573957203230193,0.05223562149492463,26,0.7806629488911621,0.751826081137502,0.7546077504725898,0.7672523640427279,0.765338990904461,0.748136170164068,0.7547142358560939,0.7534329846442654,0.7530691350646836,0.7543392561031075,0.7583379917280662,0.009317843186075554
21,0.14905991554260253,0.039071031497127366,0.012746310234069825,0.0055386799933946785,3160,0.6458394648829431,LogisticRegression(random_state=1),SAMME,"{'n_estimators': 3160, 'learning_rate': 0.6458394648829431, 'base_estimator': LogisticRegression(random_state=1), 'algorithm': 'SAMME'}",0.6950138378476476,0.7937438905180839,0.7063054962346859,0.7207302854217814,0.7329995478825834,0.8032786885245902,0.791117311940472,0.8339664134346261,0.8032786885245902,0.7825399960497729,0.7662974156378833,0.04562123432695802,1,0.7719154509731633,0.7655954631379962,0.7761779886694046,0.773254737974558,0.7575164588870289,0.7627369718936872,0.7577757998695506,0.7671384354953438,0.7604038865864315,0.7757605552565491,0.7668275748743713,0.006801958061104196
22,0.1527308225631714,0.031202765224681128,0.014106416702270507,0.004086251648352402,1930,0.9665886287625418,LogisticRegression(random_state=1),SAMME,"{'n_estimators': 1930, 'learning_rate': 0.9665886287625418, 'base_estimator': LogisticRegression(random_state=1), 'algorithm': 'SAMME'}",0.6774193548387096,0.8042036641564573,0.7419354838709679,0.6918766728719217,0.7156292256035491,0.7744307311400384,0.7280176799939035,0.7825399960497729,0.74030341243456,0.791117311940472,0.7447473532900352,0.040593575238322736,43,0.7769510848971118,0.7525388437425993,0.7562019555992867,0.773254737974558,0.7620856236056974,0.7690757113145912,0.727577553665078,0.7351374945438673,0.7601905039180444,0.7549303040148914,0.7567943813275726,0.014873389378053837
23,0.016192817687988283,0.0014007207837534947,0.0078948974609375,0.003358581530649641,4760,0.7560969899665552,DecisionTreeClassifier(random_state=1),SAMME.R,"{'n_estimators': 4760, 'learning_rate': 0.7560969899665552, 'base_estimator': DecisionTreeClassifier(random_state=1), 'algorithm': 'SAMME.R'}",0.6451612903225806,0.7535855459603954,0.7162944582299421,0.7271176443900005,0.6426021006541739,0.70784133898888,0.7755316792202037,0.7106778910057596,0.6065573770491803,0.7099823686086209,0.6995351694429737,0.04988350326744756,47,1.0,1.0,1.0,1.0,1.0,1.0,1.0,1.0,1.0,1.0,1.0,0.0
24,0.01879265308380127,0.004210086046150891,0.006795239448547363,0.0014004488360196757,70,0.9933177257525083,DecisionTreeClassifier(random_state=1),SAMME,"{'n_estimators': 70, 'learning_rate': 0.9933177257525083, 'base_estimator': DecisionTreeClassifier(random_state=1), 'algorithm': 'SAMME'}",0.6451612903225806,0.7535855459603954,0.7162944582299421,0.7271176443900005,0.6426021006541739,0.70784133898888,0.7755316792202037,0.7106778910057596,0.6065573770491803,0.7099823686086209,0.6995351694429737,0.04988350326744756,47,1.0,1.0,1.0,1.0,1.0,1.0,1.0,1.0,1.0,1.0,1.0,0.0
25,0.016394519805908205,0.0018522633817275756,0.007096385955810547,0.0020697366342533794,1560,0.1747391304347826,DecisionTreeClassifier(random_state=1),SAMME,"{'n_estimators': 1560, 'learning_rate': 0.1747391304347826, 'base_estimator': DecisionTreeClassifier(random_state=1), 'algorithm': 'SAMME'}",0.6451612903225806,0.7535855459603954,0.7162944582299421,0.7271176443900005,0.6426021006541739,0.70784133898888,0.7755316792202037,0.7106778910057596,0.6065573770491803,0.7099823686086209,0.6995351694429737,0.04988350326744756,47,1.0,1.0,1.0,1.0,1.0,1.0,1.0,1.0,1.0,1.0,1.0,0.0
26,0.01936180591583252,0.005061338315915419,0.0071563720703125,0.0020241372685916,1470,0.9699297658862875,DecisionTreeClassifier(random_state=1),SAMME.R,"{'n_estimators': 1470, 'learning_rate': 0.9699297658862875, 'base_estimator': DecisionTreeClassifier(random_state=1), 'algorithm': 'SAMME.R'}",0.6451612903225806,0.7535855459603954,0.7162944582299421,0.7271176443900005,0.6426021006541739,0.70784133898888,0.7755316792202037,0.7106778910057596,0.6065573770491803,0.7099823686086209,0.6995351694429737,0.04988350326744756,47,1.0,1.0,1.0,1.0,1.0,1.0,1.0,1.0,1.0,1.0,1.0,0.0
27,0.13096837997436522,0.03273037083663519,0.014333748817443847,0.0055958866908879246,1160,0.9799531772575251,LogisticRegression(random_state=1),SAMME,"{'n_estimators': 1160, 'learning_rate': 0.9799531772575251, 'base_estimator': LogisticRegression(random_state=1), 'algorithm': 'SAMME'}",0.6336450097603152,0.8192960670376234,0.7207302854217814,0.6950138378476476,0.6964131640576852,0.80522755932592,0.7602102489575835,0.8007596961215513,0.7422065498743293,0.80522755932592,0.7478729977730356,0.05821394240133026,41,0.7738977555394889,0.7437669180034049,0.7734121372842585,0.7688526742827918,0.7752139724715701,0.7577757998695506,0.7566128328240943,0.7290712864460801,0.752099295632236,0.7626348810160541,0.7593337553369529,0.014086557367794666
28,0.016893434524536132,0.0020701895844174433,0.007193183898925782,0.0014722520240354347,350,0.665886287625418,DecisionTreeClassifier(random_state=1),SAMME,"{'n_estimators': 350, 'learning_rate': 0.665886287625418, 'base_estimator': DecisionTreeClassifier(random_state=1), 'algorithm': 'SAMME'}",0.6451612903225806,0.7535855459603954,0.7162944582299421,0.7271176443900005,0.6426021006541739,0.70784133898888,0.7755316792202037,0.7106778910057596,0.6065573770491803,0.7099823686086209,0.6995351694429737,0.04988350326744756,47,1.0,1.0,1.0,1.0,1.0,1.0,1.0,1.0,1.0,1.0,1.0,0.0
29,0.021644902229309083,0.007277915633515067,0.006397819519042969,0.001426966766416099,3010,0.7861672240802675,DecisionTreeClassifier(random_state=1),SAMME,"{'n_estimators': 3010, 'learning_rate': 0.7861672240802675, 'base_estimator': DecisionTreeClassifier(random_state=1), 'algorithm': 'SAMME'}",0.6451612903225806,0.7535855459603954,0.7162944582299421,0.7271176443900005,0.6426021006541739,0.70784133898888,0.7755316792202037,0.7106778910057596,0.6065573770491803,0.7099823686086209,0.6995351694429737,0.04988350326744756,47,1.0,1.0,1.0,1.0,1.0,1.0,1.0,1.0,1.0,1.0,1.0,0.0
30,0.017037129402160643,0.0014317698008775024,0.009802293777465821,0.0053202456575688,2190,0.4721003344481605,DecisionTreeClassifier(random_state=1),SAMME.R,"{'n_estimators': 2190, 'learning_rate': 0.4721003344481605, 'base_estimator': DecisionTreeClassifier(random_state=1), 'algorithm': 'SAMME.R'}",0.6451612903225806,0.7535855459603954,0.7162944582299421,0.7271176443900005,0.6426021006541739,0.70784133898888,0.7755316792202037,0.7106778910057596,0.6065573770491803,0.7099823686086209,0.6995351694429737,0.04988350326744756,47,1.0,1.0,1.0,1.0,1.0,1.0,1.0,1.0,1.0,1.0,1.0,0.0
31,0.018401908874511718,0.0031461441573497964,0.006996035575866699,0.0014136053865157485,1550,0.8630133779264214,DecisionTreeClassifier(random_state=1),SAMME,"{'n_estimators': 1550, 'learning_rate': 0.8630133779264214, 'base_estimator': DecisionTreeClassifier(random_state=1), 'algorithm': 'SAMME'}",0.6451612903225806,0.7535855459603954,0.7162944582299421,0.7271176443900005,0.6426021006541739,0.70784133898888,0.7755316792202037,0.7106778910057596,0.6065573770491803,0.7099823686086209,0.6995351694429737,0.04988350326744756,47,1.0,1.0,1.0,1.0,1.0,1.0,1.0,1.0,1.0,1.0,1.0,0.0
32,0.015589094161987305,0.0017752971570643718,0.007202363014221192,0.0014791229876109167,500,0.16471571906354515,DecisionTreeClassifier(random_state=1),SAMME.R,"{'n_estimators': 500, 'learning_rate': 0.16471571906354515, 'base_estimator': DecisionTreeClassifier(random_state=1), 'algorithm': 'SAMME.R'}",0.6451612903225806,0.7535855459603954,0.7162944582299421,0.7271176443900005,0.6426021006541739,0.70784133898888,0.7755316792202037,0.7106778910057596,0.6065573770491803,0.7099823686086209,0.6995351694429737,0.04988350326744756,47,1.0,1.0,1.0,1.0,1.0,1.0,1.0,1.0,1.0,1.0,1.0,0.0
33,0.34523720741271974,0.05161346967048704,0.016795802116394042,0.004829091720343157,1600,0.30170234113712374,LogisticRegression(random_state=1),SAMME,"{'n_estimators': 1600, 'learning_rate': 0.30170234113712374, 'base_estimator': LogisticRegression(random_state=1), 'algorithm': 'SAMME'}",0.6973589211063473,0.8129352934692201,0.702073732718894,0.7207302854217814,0.6906214258482654,0.8206276512062234,0.7251720956638988,0.7741473525532315,0.7675529788084767,0.7880144968800823,0.7499234233676422,0.046208578953132774,37,0.7675989448448167,0.7440641944754276,0.7582703213610585,0.7624768423548932,0.7580058343702254,0.7417047392649735,0.7539549228962037,0.751424449057911,0.751424449057911,0.7609175080078752,0.7549842205691295,0.007696740554954394
34,0.01708714962005615,0.002357959318329721,0.007299089431762695,0.0013241600817532056,3570,0.38857190635451505,DecisionTreeClassifier(random_state=1),SAMME.R,"{'n_estimators': 3570, 'learning_rate': 0.38857190635451505, 'base_estimator': DecisionTreeClassifier(random_state=1), 'algorithm': 'SAMME.R'}",0.6451612903225806,0.7535855459603954,0.7162944582299421,0.7271176443900005,0.6426021006541739,0.70784133898888,0.7755316792202037,0.7106778910057596,0.6065573770491803,0.7099823686086209,0.6995351694429737,0.04988350326744756,47,1.0,1.0,1.0,1.0,1.0,1.0,1.0,1.0,1.0,1.0,1.0,0.0
35,0.020239496231079103,0.00568289831093781,0.006550216674804687,0.0014945495844803547,1890,0.38857190635451505,DecisionTreeClassifier(random_state=1),SAMME,"{'n_estimators': 1890, 'learning_rate': 0.38857190635451505, 'base_estimator': DecisionTreeClassifier(random_state=1), 'algorithm': 'SAMME'}",0.6451612903225806,0.7535855459603954,0.7162944582299421,0.7271176443900005,0.6426021006541739,0.70784133898888,0.7755316792202037,0.7106778910057596,0.6065573770491803,0.7099823686086209,0.6995351694429737,0.04988350326744756,47,1.0,1.0,1.0,1.0,1.0,1.0,1.0,1.0,1.0,1.0,1.0,0.0
36,0.016195797920227052,0.0006021263783011968,0.008501052856445312,0.0026920210868136884,1230,0.8930836120401338,DecisionTreeClassifier(random_state=1),SAMME.R,"{'n_estimators': 1230, 'learning_rate': 0.8930836120401338, 'base_estimator': DecisionTreeClassifier(random_state=1), 'algorithm': 'SAMME.R'}",0.6451612903225806,0.7535855459603954,0.7162944582299421,0.7271176443900005,0.6426021006541739,0.70784133898888,0.7755316792202037,0.7106778910057596,0.6065573770491803,0.7099823686086209,0.6995351694429737,0.04988350326744756,47,1.0,1.0,1.0,1.0,1.0,1.0,1.0,1.0,1.0,1.0,1.0,0.0
37,29.20801124572754,1.8732315667921537,1.860300850868225,0.13036757138088195,3270,0.38188963210702337,LogisticRegression(random_state=1),SAMME.R,"{'n_estimators': 3270, 'learning_rate': 0.38188963210702337, 'base_estimator': LogisticRegression(random_state=1), 'algorithm': 'SAMME.R'}",0.6918766728719217,0.8281199087650701,0.7183217372970694,0.7162944582299421,0.6906214258482654,0.8468294717089316,0.7704918032786885,0.7937476172321769,0.7825399960497729,0.744715786181553,0.7583558877463392,0.05219646780091825,4,0.7815088503179242,0.7586324643388913,0.7661167290105535,0.7689382794287396,0.7654231482835785,0.7539467789442632,0.7593331692650096,0.7523219434186074,0.7719973423251444,0.7640560743099712,0.7642274779642683,0.008300177766533119
38,0.2602077484130859,0.044501682660475286,0.016190576553344726,0.003968423076121231,3080,0.37520735785953174,LogisticRegression(random_state=1),SAMME,"{'n_estimators': 3080, 'learning_rate': 0.37520735785953174, 'base_estimator': LogisticRegression(random_state=1), 'algorithm': 'SAMME'}",0.6989686197059468,0.8129352934692201,0.7207302854217814,0.7207302854217814,0.6906214258482654,0.8206276512062234,0.7575047902916755,0.7937476172321769,0.7675529788084767,0.7554013425539411,0.7538820289959488,0.0435308183600446,30,0.7655954631379962,0.7481494304876872,0.7615736314169984,0.7595551511507672,0.760738673988139,0.7576853526220615,0.7539549228962037,0.7464925022046173,0.7464925022046173,0.7612995520634813,0.7561537182172569,0.006599398413442517
39,0.017929553985595703,0.0060238312985671566,0.006694602966308594,0.0011013022933318796,4820,0.665886287625418,DecisionTreeClassifier(random_state=1),SAMME,"{'n_estimators': 4820, 'learning_rate': 0.665886287625418, 'base_estimator': DecisionTreeClassifier(random_state=1), 'algorithm': 'SAMME'}",0.6451612903225806,0.7535855459603954,0.7162944582299421,0.7271176443900005,0.6426021006541739,0.70784133898888,0.7755316792202037,0.7106778910057596,0.6065573770491803,0.7099823686086209,0.6995351694429737,0.04988350326744756,47,1.0,1.0,1.0,1.0,1.0,1.0,1.0,1.0,1.0,1.0,1.0,0.0
40,14.139324808120728,0.3407369360578774,0.9042871475219727,0.1108194232287677,1490,0.6124280936454849,LogisticRegression(random_state=1),SAMME.R,"{'n_estimators': 1490, 'learning_rate': 0.6124280936454849, 'base_estimator': LogisticRegression(random_state=1), 'algorithm': 'SAMME.R'}",0.6918766728719217,0.8281199087650701,0.7183217372970694,0.7162944582299421,0.6906214258482654,0.8468294717089316,0.7704918032786885,0.7937476172321769,0.7825399960497729,0.744715786181553,0.7583558877463392,0.05219646780091825,4,0.7815088503179242,0.7586324643388913,0.7661167290105535,0.7689382794287396,0.7654231482835785,0.7539467789442632,0.7593331692650096,0.7523219434186074,0.7719973423251444,0.7640560743099712,0.7642274779642683,0.008300177766533119
41,10.622558832168579,19.844539568767978,0.35432345867156984,0.6408369855912153,4970,0.17808026755852843,LogisticRegression(random_state=1),SAMME,"{'n_estimators': 4970, 'learning_rate': 0.17808026755852843, 'base_estimator': LogisticRegression(random_state=1), 'algorithm': 'SAMME'}",0.6973589211063473,0.8129352934692201,0.7207302854217814,0.7207302854217814,0.6906214258482654,0.8360655737704918,0.7251720956638988,0.7937476172321769,0.7675529788084767,0.7856018086592522,0.7550516285401693,0.04819662848567354,28,0.7801070441032782,0.7530699703911486,0.7589727082519027,0.7665326837367612,0.7620361989648671,0.7433395213017543,0.7580058343702254,0.7550799718658828,0.7497801399723287,0.7526960269558257,0.7579620099913975,0.009603178518767994
42,0.0217360258102417,0.00864415445020671,0.008764910697937011,0.002366144785194246,3910,0.26160869565217393,DecisionTreeClassifier(random_state=1),SAMME.R,"{'n_estimators': 3910, 'learning_rate': 0.26160869565217393, 'base_estimator': DecisionTreeClassifier(random_state=1), 'algorithm': 'SAMME.R'}",0.6451612903225806,0.7535855459603954,0.7162944582299421,0.7271176443900005,0.6426021006541739,0.70784133898888,0.7755316792202037,0.7106778910057596,0.6065573770491803,0.7099823686086209,0.6995351694429737,0.04988350326744756,47,1.0,1.0,1.0,1.0,1.0,1.0,1.0,1.0,1.0,1.0,1.0,0.0
43,0.020903301239013673,0.005012485371034091,0.00850532054901123,0.0020091991747811086,3770,0.4654180602006689,DecisionTreeClassifier(random_state=1),SAMME.R,"{'n_estimators': 3770, 'learning_rate': 0.4654180602006689, 'base_estimator': DecisionTreeClassifier(random_state=1), 'algorithm': 'SAMME.R'}",0.6451612903225806,0.7535855459603954,0.7162944582299421,0.7271176443900005,0.6426021006541739,0.70784133898888,0.7755316792202037,0.7106778910057596,0.6065573770491803,0.7099823686086209,0.6995351694429737,0.04988350326744756,47,1.0,1.0,1.0,1.0,1.0,1.0,1.0,1.0,1.0,1.0,1.0,0.0
44,0.019559788703918456,0.003333104202567131,0.008880615234375,0.002500818957044947,3520,0.869695652173913,DecisionTreeClassifier(random_state=1),SAMME,"{'n_estimators': 3520, 'learning_rate': 0.869695652173913, 'base_estimator': DecisionTreeClassifier(random_state=1), 'algorithm': 'SAMME'}",0.6451612903225806,0.7535855459603954,0.7162944582299421,0.7271176443900005,0.6426021006541739,0.70784133898888,0.7755316792202037,0.7106778910057596,0.6065573770491803,0.7099823686086209,0.6995351694429737,0.04988350326744756,47,1.0,1.0,1.0,1.0,1.0,1.0,1.0,1.0,1.0,1.0,1.0,0.0
45,17.264629697799684,1.184842374093193,1.0349405765533448,0.03321244095608458,1930,0.19478595317725753,LogisticRegression(random_state=1),SAMME.R,"{'n_estimators': 1930, 'learning_rate': 0.19478595317725753, 'base_estimator': LogisticRegression(random_state=1), 'algorithm': 'SAMME.R'}",0.6918766728719217,0.8281199087650701,0.7183217372970694,0.7162944582299421,0.6906214258482654,0.8468294717089316,0.7704918032786885,0.7937476172321769,0.7825399960497729,0.744715786181553,0.7583558877463392,0.05219646780091825,4,0.7815088503179242,0.7586324643388913,0.7661167290105535,0.7689382794287396,0.7654231482835785,0.7539467789442632,0.7593331692650096,0.7523219434186074,0.7719973423251444,0.7640560743099712,0.7642274779642683,0.008300177766533119
46,0.015123248100280762,0.0011675052269292329,0.008994960784912109,0.003603504632272444,1710,0.18810367892976587,DecisionTreeClassifier(random_state=1),SAMME,"{'n_estimators': 1710, 'learning_rate': 0.18810367892976587, 'base_estimator': DecisionTreeClassifier(random_state=1), 'algorithm': 'SAMME'}",0.6451612903225806,0.7535855459603954,0.7162944582299421,0.7271176443900005,0.6426021006541739,0.70784133898888,0.7755316792202037,0.7106778910057596,0.6065573770491803,0.7099823686086209,0.6995351694429737,0.04988350326744756,47,1.0,1.0,1.0,1.0,1.0,1.0,1.0,1.0,1.0,1.0,1.0,0.0
47,0.01789264678955078,0.005312792515094574,0.007195687294006348,0.0014687569714063279,200,0.629133779264214,DecisionTreeClassifier(random_state=1),SAMME.R,"{'n_estimators': 200, 'learning_rate': 0.629133779264214, 'base_estimator': DecisionTreeClassifier(random_state=1), 'algorithm': 'SAMME.R'}",0.6451612903225806,0.7535855459603954,0.7162944582299421,0.7271176443900005,0.6426021006541739,0.70784133898888,0.7755316792202037,0.7106778910057596,0.6065573770491803,0.7099823686086209,0.6995351694429737,0.04988350326744756,47,1.0,1.0,1.0,1.0,1.0,1.0,1.0,1.0,1.0,1.0,1.0,0.0
48,16.385190868377684,1.4032798857031956,1.0270467758178712,0.13142936986682108,1710,0.40861872909698993,LogisticRegression(random_state=1),SAMME.R,"{'n_estimators': 1710, 'learning_rate': 0.40861872909698993, 'base_estimator': LogisticRegression(random_state=1), 'algorithm': 'SAMME.R'}",0.6918766728719217,0.8281199087650701,0.7183217372970694,0.7162944582299421,0.6906214258482654,0.8468294717089316,0.7704918032786885,0.7937476172321769,0.7825399960497729,0.744715786181553,0.7583558877463392,0.05219646780091825,4,0.7815088503179242,0.7586324643388913,0.7661167290105535,0.7689382794287396,0.7654231482835785,0.7539467789442632,0.7593331692650096,0.7523219434186074,0.7719973423251444,0.7640560743099712,0.7642274779642683,0.008300177766533119
49,0.016349029541015626,0.0015270468473944107,0.007698726654052734,0.0016719713966570505,100,0.5723344481605351,DecisionTreeClassifier(random_state=1),SAMME.R,"{'n_estimators': 100, 'learning_rate': 0.5723344481605351, 'base_estimator': DecisionTreeClassifier(random_state=1), 'algorithm': 'SAMME.R'}",0.6451612903225806,0.7535855459603954,0.7162944582299421,0.7271176443900005,0.6426021006541739,0.70784133898888,0.7755316792202037,0.7106778910057596,0.6065573770491803,0.7099823686086209,0.6995351694429737,0.04988350326744756,47,1.0,1.0,1.0,1.0,1.0,1.0,1.0,1.0,1.0,1.0,1.0,0.0
50,44.80342981815338,4.370081264039057,2.598789691925049,0.056975149125510036,4790,0.4988294314381271,LogisticRegression(random_state=1),SAMME.R,"{'n_estimators': 4790, 'learning_rate': 0.4988294314381271, 'base_estimator': LogisticRegression(random_state=1), 'algorithm': 'SAMME.R'}",0.6918766728719217,0.8281199087650701,0.7183217372970694,0.7162944582299421,0.6906214258482654,0.8468294717089316,0.7704918032786885,0.7937476172321769,0.7825399960497729,0.744715786181553,0.7583558877463392,0.05219646780091825,4,0.7815088503179242,0.7586324643388913,0.7661167290105535,0.7689382794287396,0.7654231482835785,0.7539467789442632,0.7593331692650096,0.7523219434186074,0.7719973423251444,0.7640560743099712,0.7642274779642683,0.008300177766533119
51,0.01740081310272217,0.005955501094930459,0.009096932411193848,0.003931256713893715,490,0.0076822742474916385,DecisionTreeClassifier(random_state=1),SAMME,"{'n_estimators': 490, 'learning_rate': 0.0076822742474916385, 'base_estimator': DecisionTreeClassifier(random_state=1), 'algorithm': 'SAMME'}",0.6451612903225806,0.7535855459603954,0.7162944582299421,0.7271176443900005,0.6426021006541739,0.70784133898888,0.7755316792202037,0.7106778910057596,0.6065573770491803,0.7099823686086209,0.6995351694429737,0.04988350326744756,47,1.0,1.0,1.0,1.0,1.0,1.0,1.0,1.0,1.0,1.0,1.0,0.0
52,0.9083238840103149,2.0797622714308748,0.04036622047424317,0.08044835859729003,720,0.4320066889632107,LogisticRegression(random_state=1),SAMME,"{'n_estimators': 720, 'learning_rate': 0.4320066889632107, 'base_estimator': LogisticRegression(random_state=1), 'algorithm': 'SAMME'}",0.6836965998256319,0.8316026375014807,0.7063054962346859,0.6918766728719217,0.7046542302619181,0.8206276512062234,0.7755316792202037,0.7976087760384568,0.7856018086592522,0.7880144968800823,0.7585520048699858,0.053185384425835196,3,0.7773083420177813,0.7516688509262027,0.7635968189327873,0.7798173709674631,0.7620361989648671,0.7497801399723287,0.7687032073942324,0.7567736424438017,0.7613019891500904,0.7671384354953438,0.7638124996264899,0.009363224856197219
53,43.2975905418396,2.9317657068947813,2.3162036657333376,0.13858282670484268,4230,0.031070234113712375,LogisticRegression(random_state=1),SAMME.R,"{'n_estimators': 4230, 'learning_rate': 0.031070234113712375, 'base_estimator': LogisticRegression(random_state=1), 'algorithm': 'SAMME.R'}",0.6918766728719217,0.8281199087650701,0.7183217372970694,0.7162944582299421,0.6906214258482654,0.8468294717089316,0.7704918032786885,0.7937476172321769,0.7825399960497729,0.744715786181553,0.7583558877463392,0.05219646780091825,4,0.7815088503179242,0.7586324643388913,0.7661167290105535,0.7689382794287396,0.7654231482835785,0.7539467789442632,0.7593331692650096,0.7523219434186074,0.7719973423251444,0.7640560743099712,0.7642274779642683,0.008300177766533119
54,0.017047691345214843,0.0027722113550259567,0.007042884826660156,0.0012354456373697394,1370,0.2916789297658863,DecisionTreeClassifier(random_state=1),SAMME.R,"{'n_estimators': 1370, 'learning_rate': 0.2916789297658863, 'base_estimator': DecisionTreeClassifier(random_state=1), 'algorithm': 'SAMME.R'}",0.6451612903225806,0.7535855459603954,0.7162944582299421,0.7271176443900005,0.6426021006541739,0.70784133898888,0.7755316792202037,0.7106778910057596,0.6065573770491803,0.7099823686086209,0.6995351694429737,0.04988350326744756,47,1.0,1.0,1.0,1.0,1.0,1.0,1.0,1.0,1.0,1.0,1.0,0.0
55,15.542582511901855,1.8225262757902718,1.1367993354797363,0.3096018255799757,1740,0.6424983277591972,LogisticRegression(random_state=1),SAMME.R,"{'n_estimators': 1740, 'learning_rate': 0.6424983277591972, 'base_estimator': LogisticRegression(random_state=1), 'algorithm': 'SAMME.R'}",0.6918766728719217,0.8281199087650701,0.7183217372970694,0.7162944582299421,0.6906214258482654,0.8468294717089316,0.7704918032786885,0.7937476172321769,0.7825399960497729,0.744715786181553,0.7583558877463392,0.05219646780091825,4,0.7815088503179242,0.7586324643388913,0.7661167290105535,0.7689382794287396,0.7654231482835785,0.7539467789442632,0.7593331692650096,0.7523219434186074,0.7719973423251444,0.7640560743099712,0.7642274779642683,0.008300177766533119
56,22.829999613761903,3.703650277217467,1.3791781663894653,0.4801116493356615,1960,0.5756755852842809,LogisticRegression(random_state=1),SAMME.R,"{'n_estimators': 1960, 'learning_rate': 0.5756755852842809, 'base_estimator': LogisticRegression(random_state=1), 'algorithm': 'SAMME.R'}",0.6918766728719217,0.8281199087650701,0.7183217372970694,0.7162944582299421,0.6906214258482654,0.8468294717089316,0.7704918032786885,0.7937476172321769,0.7825399960497729,0.744715786181553,0.7583558877463392,0.05219646780091825,4,0.7815088503179242,0.7586324643388913,0.7661167290105535,0.7689382794287396,0.7654231482835785,0.7539467789442632,0.7593331692650096,0.7523219434186074,0.7719973423251444,0.7640560743099712,0.7642274779642683,0.008300177766533119
57,5.457905006408692,1.6849152812739583,0.2643256902694702,0.013211795066134228,420,0.25158528428093646,LogisticRegression(random_state=1),SAMME.R,"{'n_estimators': 420, 'learning_rate': 0.25158528428093646, 'base_estimator': LogisticRegression(random_state=1), 'algorithm': 'SAMME.R'}",0.6918766728719217,0.8281199087650701,0.7183217372970694,0.7162944582299421,0.6906214258482654,0.8468294717089316,0.7704918032786885,0.7937476172321769,0.7825399960497729,0.744715786181553,0.7583558877463392,0.05219646780091825,4,0.7815088503179242,0.7586324643388913,0.7661167290105535,0.7689382794287396,0.7654231482835785,0.7539467789442632,0.7593331692650096,0.7523219434186074,0.7719973423251444,0.7640560743099712,0.7642274779642683,0.008300177766533119
58,1.3472830533981324,1.2962206260271711,0.05088331699371338,0.04364071156248447,260,0.3785484949832776,LogisticRegression(random_state=1),SAMME,"{'n_estimators': 260, 'learning_rate': 0.3785484949832776, 'base_estimator': LogisticRegression(random_state=1), 'algorithm': 'SAMME'}",0.6989686197059468,0.8129352934692201,0.7207302854217814,0.7207302854217814,0.6906214258482654,0.8206276512062234,0.7589815137774677,0.7937476172321769,0.7526174715299065,0.7554013425539411,0.752536150616671,0.043311421319639554,33,0.7695975563289863,0.7469012395041983,0.7533186702008685,0.7615736314169984,0.760738673988139,0.7576853526220615,0.7523135512147404,0.7448490988766613,0.7484941117498519,0.7636873146466778,0.7559159200549183,0.007645431923761021
59,0.019255757331848145,0.0020734159296373184,0.009333467483520508,0.0039798975907075675,4040,0.9264949832775919,DecisionTreeClassifier(random_state=1),SAMME.R,"{'n_estimators': 4040, 'learning_rate': 0.9264949832775919, 'base_estimator': DecisionTreeClassifier(random_state=1), 'algorithm': 'SAMME.R'}",0.6451612903225806,0.7535855459603954,0.7162944582299421,0.7271176443900005,0.6426021006541739,0.70784133898888,0.7755316792202037,0.7106778910057596,0.6065573770491803,0.7099823686086209,0.6995351694429737,0.04988350326744756,47,1.0,1.0,1.0,1.0,1.0,1.0,1.0,1.0,1.0,1.0,1.0,0.0
60,20.940967679023743,1.9172729902097108,1.2094834566116333,0.2233093809308165,1760,0.38857190635451505,LogisticRegression(random_state=1),SAMME.R,"{'n_estimators': 1760, 'learning_rate': 0.38857190635451505, 'base_estimator': LogisticRegression(random_state=1), 'algorithm': 'SAMME.R'}",0.6918766728719217,0.8281199087650701,0.7183217372970694,0.7162944582299421,0.6906214258482654,0.8468294717089316,0.7704918032786885,0.7937476172321769,0.7825399960497729,0.744715786181553,0.7583558877463392,0.05219646780091825,4,0.7815088503179242,0.7586324643388913,0.7661167290105535,0.7689382794287396,0.7654231482835785,0.7539467789442632,0.7593331692650096,0.7523219434186074,0.7719973423251444,0.7640560743099712,0.7642274779642683,0.008300177766533119
61,0.014494967460632325,0.0009464252339229744,0.006557583808898926,0.0008186245234156835,2440,0.001,DecisionTreeClassifier(random_state=1),SAMME,"{'n_estimators': 2440, 'learning_rate': 0.001, 'base_estimator': DecisionTreeClassifier(random_state=1), 'algorithm': 'SAMME'}",0.6451612903225806,0.7535855459603954,0.7162944582299421,0.7271176443900005,0.6426021006541739,0.70784133898888,0.7755316792202037,0.7106778910057596,0.6065573770491803,0.7099823686086209,0.6995351694429737,0.04988350326744756,47,1.0,1.0,1.0,1.0,1.0,1.0,1.0,1.0,1.0,1.0,1.0,0.0
62,0.2822519063949585,0.11959932938078431,0.021785378456115723,0.01734251677613819,4040,0.4721003344481605,LogisticRegression(random_state=1),SAMME,"{'n_estimators': 4040, 'learning_rate': 0.4721003344481605, 'base_estimator': LogisticRegression(random_state=1), 'algorithm': 'SAMME'}",0.6527433140336366,0.8129352934692201,0.702073732718894,0.7063054962346859,0.6906214258482654,0.80522755932592,0.7598729588399474,0.7937476172321769,0.77276548588024,0.7675529788084767,0.7463845862391463,0.05187363572851407,42,0.7742142734877729,0.7489699741020198,0.7575315401402357,0.7571482311442155,0.7627369718936872,0.7573899407496089,0.7523448970078224,0.7526960269558257,0.7585216726835399,0.7555968314842471,0.7577150359648975,0.006584433980876844
63,0.35900421142578126,0.15292579773849652,0.02708468437194824,0.023243505640892663,2870,0.6759096989966555,LogisticRegression(random_state=1),SAMME,"{'n_estimators': 2870, 'learning_rate': 0.6759096989966555, 'base_estimator': LogisticRegression(random_state=1), 'algorithm': 'SAMME'}",0.7096774193548387,0.7739657225702894,0.730564220002369,0.7063054962346859,0.7526174715299065,0.7856018086592522,0.74030341243456,0.8127915765331388,0.7490846108266609,0.7526174715299065,0.7513529209675608,0.03128539043334766,35,0.7788686302010285,0.7670118777804023,0.755364610185026,0.7779097197652124,0.7746277565445738,0.7673510772102952,0.7479474198119899,0.7687561428508012,0.7535219326373639,0.7673510772102952,0.7658710244196987,0.009943315727192488
64,2.130575728416443,1.9304469026486932,0.07138862609863281,0.06474669925767285,290,0.13464548494983278,LogisticRegression(random_state=1),SAMME,"{'n_estimators': 290, 'learning_rate': 0.13464548494983278, 'base_estimator': LogisticRegression(random_state=1), 'algorithm': 'SAMME'}",0.6973589211063473,0.8129352934692201,0.702073732718894,0.7207302854217814,0.6906214258482654,0.8360655737704918,0.7251720956638988,0.7937476172321769,0.7675529788084767,0.7856018086592522,0.7531859732698805,0.04982273189035765,32,0.7728378554785931,0.7452783560741084,0.7546077504725898,0.764126538881097,0.7616724126373431,0.7433395213017543,0.7563597895194432,0.7550799718658828,0.7530691350646836,0.7559829800856331,0.7562354311381129,0.008172648808835866
65,0.020748376846313477,0.004572331002410205,0.011803221702575684,0.0038591016149765994,2820,0.034411371237458195,DecisionTreeClassifier(random_state=1),SAMME,"{'n_estimators': 2820, 'learning_rate': 0.034411371237458195, 'base_estimator': DecisionTreeClassifier(random_state=1), 'algorithm': 'SAMME'}",0.6451612903225806,0.7535855459603954,0.7162944582299421,0.7271176443900005,0.6426021006541739,0.70784133898888,0.7755316792202037,0.7106778910057596,0.6065573770491803,0.7099823686086209,0.6995351694429737,0.04988350326744756,47,1.0,1.0,1.0,1.0,1.0,1.0,1.0,1.0,1.0,1.0,1.0,0.0
66,0.3288438081741333,0.14237610848950277,0.019592094421386718,0.01418982142638158,3780,0.8429665551839465,LogisticRegression(random_state=1),SAMME,"{'n_estimators': 3780, 'learning_rate': 0.8429665551839465, 'base_estimator': LogisticRegression(random_state=1), 'algorithm': 'SAMME'}",0.6672811059907834,0.7979231650017767,0.7207302854217814,0.6918766728719217,0.6766399958299668,0.8360655737704918,0.7268457156144634,0.7937476172321769,0.737704918032787,0.7575047902916755,0.7406319840057825,0.05286106724066163,44,0.7586092600773812,0.7331997085065792,0.7454119588506941,0.7503653605296117,0.7574352718936267,0.7264410383296352,0.7408357692992582,0.7307213206626213,0.7432188065099458,0.7349921775880227,0.7421230672247375,0.01046073576253101
67,1.6582451105117797,0.32679309030255194,0.07888152599334716,0.011872749163828519,130,0.351819397993311,LogisticRegression(random_state=1),SAMME.R,"{'n_estimators': 130, 'learning_rate': 0.351819397993311, 'base_estimator': LogisticRegression(random_state=1), 'algorithm': 'SAMME.R'}",0.6918766728719217,0.8281199087650701,0.7183217372970694,0.7162944582299421,0.6906214258482654,0.8468294717089316,0.7704918032786885,0.7937476172321769,0.7825399960497729,0.744715786181553,0.7583558877463392,0.05219646780091825,4,0.7815088503179242,0.7565221395380498,0.7661167290105535,0.7689382794287396,0.7654231482835785,0.7518123308045412,0.7593331692650096,0.7523219434186074,0.7699023715150624,0.7640560743099712,0.7635935035892037,0.008563031405738882
68,0.017791342735290528,0.002819490057444382,0.007052397727966309,0.0014547939158876528,3700,0.09789297658862876,DecisionTreeClassifier(random_state=1),SAMME.R,"{'n_estimators': 3700, 'learning_rate': 0.09789297658862876, 'base_estimator': DecisionTreeClassifier(random_state=1), 'algorithm': 'SAMME.R'}",0.6451612903225806,0.7535855459603954,0.7162944582299421,0.7271176443900005,0.6426021006541739,0.70784133898888,0.7755316792202037,0.7106778910057596,0.6065573770491803,0.7099823686086209,0.6995351694429737,0.04988350326744756,47,1.0,1.0,1.0,1.0,1.0,1.0,1.0,1.0,1.0,1.0,1.0,0.0
69,0.015320968627929688,0.0006316948355264654,0.00819556713104248,0.0025988510144107574,1390,0.9933177257525083,DecisionTreeClassifier(random_state=1),SAMME.R,"{'n_estimators': 1390, 'learning_rate': 0.9933177257525083, 'base_estimator': DecisionTreeClassifier(random_state=1), 'algorithm': 'SAMME.R'}",0.6451612903225806,0.7535855459603954,0.7162944582299421,0.7271176443900005,0.6426021006541739,0.70784133898888,0.7755316792202037,0.7106778910057596,0.6065573770491803,0.7099823686086209,0.6995351694429737,0.04988350326744756,47,1.0,1.0,1.0,1.0,1.0,1.0,1.0,1.0,1.0,1.0,1.0,0.0
70,0.015490961074829102,0.002538458937951372,0.009752011299133301,0.007190020751056458,2960,0.22151505016722406,DecisionTreeClassifier(random_state=1),SAMME,"{'n_estimators': 2960, 'learning_rate': 0.22151505016722406, 'base_estimator': DecisionTreeClassifier(random_state=1), 'algorithm': 'SAMME'}",0.6451612903225806,0.7535855459603954,0.7162944582299421,0.7271176443900005,0.6426021006541739,0.70784133898888,0.7755316792202037,0.7106778910057596,0.6065573770491803,0.7099823686086209,0.6995351694429737,0.04988350326744756,47,1.0,1.0,1.0,1.0,1.0,1.0,1.0,1.0,1.0,1.0,1.0,0.0
71,0.01982119083404541,0.007479298020867866,0.007484292984008789,0.0020212269204847003,4940,0.10791638795986622,DecisionTreeClassifier(random_state=1),SAMME.R,"{'n_estimators': 4940, 'learning_rate': 0.10791638795986622, 'base_estimator': DecisionTreeClassifier(random_state=1), 'algorithm': 'SAMME.R'}",0.6451612903225806,0.7535855459603954,0.7162944582299421,0.7271176443900005,0.6426021006541739,0.70784133898888,0.7755316792202037,0.7106778910057596,0.6065573770491803,0.7099823686086209,0.6995351694429737,0.04988350326744756,47,1.0,1.0,1.0,1.0,1.0,1.0,1.0,1.0,1.0,1.0,1.0,0.0
72,0.016192102432250978,0.0032129330874238853,0.006645298004150391,0.0015174133795028471,1790,0.42198327759197324,DecisionTreeClassifier(random_state=1),SAMME,"{'n_estimators': 1790, 'learning_rate': 0.42198327759197324, 'base_estimator': DecisionTreeClassifier(random_state=1), 'algorithm': 'SAMME'}",0.6451612903225806,0.7535855459603954,0.7162944582299421,0.7271176443900005,0.6426021006541739,0.70784133898888,0.7755316792202037,0.7106778910057596,0.6065573770491803,0.7099823686086209,0.6995351694429737,0.04988350326744756,47,1.0,1.0,1.0,1.0,1.0,1.0,1.0,1.0,1.0,1.0,1.0,0.0
73,0.015104007720947266,0.002087205296002888,0.006006407737731934,0.0010938657143364256,2350,0.4654180602006689,DecisionTreeClassifier(random_state=1),SAMME,"{'n_estimators': 2350, 'learning_rate': 0.4654180602006689, 'base_estimator': DecisionTreeClassifier(random_state=1), 'algorithm': 'SAMME'}",0.6451612903225806,0.7535855459603954,0.7162944582299421,0.7271176443900005,0.6426021006541739,0.70784133898888,0.7755316792202037,0.7106778910057596,0.6065573770491803,0.7099823686086209,0.6995351694429737,0.04988350326744756,47,1.0,1.0,1.0,1.0,1.0,1.0,1.0,1.0,1.0,1.0,1.0,0.0
74,21.73922929763794,0.3177542872030849,1.3074165105819702,0.13950961001764017,2700,0.7093210702341137,LogisticRegression(random_state=1),SAMME.R,"{'n_estimators': 2700, 'learning_rate': 0.7093210702341137, 'base_estimator': LogisticRegression(random_state=1), 'algorithm': 'SAMME.R'}",0.6918766728719217,0.8281199087650701,0.7183217372970694,0.7162944582299421,0.6906214258482654,0.8468294717089316,0.7704918032786885,0.7937476172321769,0.7825399960497729,0.744715786181553,0.7583558877463392,0.05219646780091825,4,0.7815088503179242,0.7586324643388913,0.7661167290105535,0.7689382794287396,0.7654231482835785,0.7539467789442632,0.7593331692650096,0.7523219434186074,0.7719973423251444,0.7640560743099712,0.7642274779642683,0.008300177766533119
75,2.2627784252166747,6.417090255401688,0.07671840190887451,0.20217570635062598,2200,0.9766120401337792,LogisticRegression(random_state=1),SAMME,"{'n_estimators': 2200, 'learning_rate': 0.9766120401337792, 'base_estimator': LogisticRegression(random_state=1), 'algorithm': 'SAMME'}",0.6483259610889344,0.8013824884792629,0.7122666954364009,0.6918766728719217,0.7156292256035491,0.80522755932592,0.7602102489575835,0.8159953812728846,0.7422065498743293,0.80522755932592,0.7498348342236707,0.05438889141359569,39,0.7775445659340133,0.7593105139613915,0.7612519816791745,0.7758927654758118,0.7693341351006948,0.7643372292040654,0.7446242422648252,0.7376879717579137,0.7504276240347525,0.7676593401991593,0.7608070369611802,0.01243541551455754
76,0.018989133834838866,0.005363180072568814,0.0072010278701782225,0.0019379136654215955,1740,0.34179598662207356,DecisionTreeClassifier(random_state=1),SAMME.R,"{'n_estimators': 1740, 'learning_rate': 0.34179598662207356, 'base_estimator': DecisionTreeClassifier(random_state=1), 'algorithm': 'SAMME.R'}",0.6451612903225806,0.7535855459603954,0.7162944582299421,0.7271176443900005,0.6426021006541739,0.70784133898888,0.7755316792202037,0.7106778910057596,0.6065573770491803,0.7099823686086209,0.6995351694429737,0.04988350326744756,47,1.0,1.0,1.0,1.0,1.0,1.0,1.0,1.0,1.0,1.0,1.0,0.0
77,0.018894219398498537,0.0049336412133142455,0.006394147872924805,0.0011150506507948007,4010,0.47878260869565215,DecisionTreeClassifier(random_state=1),SAMME,"{'n_estimators': 4010, 'learning_rate': 0.47878260869565215, 'base_estimator': DecisionTreeClassifier(random_state=1), 'algorithm': 'SAMME'}",0.6451612903225806,0.7535855459603954,0.7162944582299421,0.7271176443900005,0.6426021006541739,0.70784133898888,0.7755316792202037,0.7106778910057596,0.6065573770491803,0.7099823686086209,0.6995351694429737,0.04988350326744756,47,1.0,1.0,1.0,1.0,1.0,1.0,1.0,1.0,1.0,1.0,1.0,0.0
78,0.01589031219482422,0.0034757338533081793,0.006345343589782715,0.0011844675372407391,2670,0.6759096989966555,DecisionTreeClassifier(random_state=1),SAMME,"{'n_estimators': 2670, 'learning_rate': 0.6759096989966555, 'base_estimator': DecisionTreeClassifier(random_state=1), 'algorithm': 'SAMME'}",0.6451612903225806,0.7535855459603954,0.7162944582299421,0.7271176443900005,0.6426021006541739,0.70784133898888,0.7755316792202037,0.7106778910057596,0.6065573770491803,0.7099823686086209,0.6995351694429737,0.04988350326744756,47,1.0,1.0,1.0,1.0,1.0,1.0,1.0,1.0,1.0,1.0,1.0,0.0
79,2.046846795082092,0.06005625053417619,0.11328456401824952,0.011153984241185405,210,0.33511371237458193,LogisticRegression(random_state=1),SAMME.R,"{'n_estimators': 210, 'learning_rate': 0.33511371237458193, 'base_estimator': LogisticRegression(random_state=1), 'algorithm': 'SAMME.R'}",0.6918766728719217,0.8281199087650701,0.7183217372970694,0.7162944582299421,0.6906214258482654,0.8468294717089316,0.7704918032786885,0.7937476172321769,0.7825399960497729,0.744715786181553,0.7583558877463392,0.05219646780091825,4,0.7815088503179242,0.7586324643388913,0.7661167290105535,0.7689382794287396,0.7654231482835785,0.7539467789442632,0.7593331692650096,0.7523219434186074,0.7719973423251444,0.7640560743099712,0.7642274779642683,0.008300177766533119
80,0.8830446481704712,1.8125801850169103,0.03685994148254394,0.06343101014574562,720,0.3217491638795986,LogisticRegression(random_state=1),SAMME,"{'n_estimators': 720, 'learning_rate': 0.3217491638795986, 'base_estimator': LogisticRegression(random_state=1), 'algorithm': 'SAMME'}",0.6672811059907834,0.8129352934692201,0.7207302854217814,0.6878750248831674,0.6906214258482654,0.8360655737704918,0.7422065498743293,0.8127915765331388,0.7490846108266609,0.8032786885245902,0.7522870135142429,0.057656973212382,34,0.7692032611662506,0.7477467240513206,0.7529595082996083,0.7579055334387985,0.765338990904461,0.7420944299564475,0.7550799718658828,0.7497801399723287,0.7559829800856331,0.7567273701007624,0.7552818909841494,0.0075551678208458746
81,0.01584641933441162,0.001484226830434201,0.0063569068908691405,0.0012349343544719685,140,0.5255585284280936,DecisionTreeClassifier(random_state=1),SAMME,"{'n_estimators': 140, 'learning_rate': 0.5255585284280936, 'base_estimator': DecisionTreeClassifier(random_state=1), 'algorithm': 'SAMME'}",0.6451612903225806,0.7535855459603954,0.7162944582299421,0.7271176443900005,0.6426021006541739,0.70784133898888,0.7755316792202037,0.7106778910057596,0.6065573770491803,0.7099823686086209,0.6995351694429737,0.04988350326744756,47,1.0,1.0,1.0,1.0,1.0,1.0,1.0,1.0,1.0,1.0,1.0,0.0
82,0.015664958953857423,0.003801518085893334,0.006687021255493164,0.0014531931517666806,1900,0.7160033444816053,DecisionTreeClassifier(random_state=1),SAMME.R,"{'n_estimators': 1900, 'learning_rate': 0.7160033444816053, 'base_estimator': DecisionTreeClassifier(random_state=1), 'algorithm': 'SAMME.R'}",0.6451612903225806,0.7535855459603954,0.7162944582299421,0.7271176443900005,0.6426021006541739,0.70784133898888,0.7755316792202037,0.7106778910057596,0.6065573770491803,0.7099823686086209,0.6995351694429737,0.04988350326744756,47,1.0,1.0,1.0,1.0,1.0,1.0,1.0,1.0,1.0,1.0,1.0,0.0
83,0.01525709629058838,0.003134581065962055,0.008438515663146972,0.004456930933230039,150,0.037752508361204015,DecisionTreeClassifier(random_state=1),SAMME.R,"{'n_estimators': 150, 'learning_rate': 0.037752508361204015, 'base_estimator': DecisionTreeClassifier(random_state=1), 'algorithm': 'SAMME.R'}",0.6451612903225806,0.7535855459603954,0.7162944582299421,0.7271176443900005,0.6426021006541739,0.70784133898888,0.7755316792202037,0.7106778910057596,0.6065573770491803,0.7099823686086209,0.6995351694429737,0.04988350326744756,47,1.0,1.0,1.0,1.0,1.0,1.0,1.0,1.0,1.0,1.0,1.0,0.0
84,0.017191100120544433,0.0037073168329937014,0.006096148490905761,0.0008303011649385748,4460,0.5255585284280936,DecisionTreeClassifier(random_state=1),SAMME,"{'n_estimators': 4460, 'learning_rate': 0.5255585284280936, 'base_estimator': DecisionTreeClassifier(random_state=1), 'algorithm': 'SAMME'}",0.6451612903225806,0.7535855459603954,0.7162944582299421,0.7271176443900005,0.6426021006541739,0.70784133898888,0.7755316792202037,0.7106778910057596,0.6065573770491803,0.7099823686086209,0.6995351694429737,0.04988350326744756,47,1.0,1.0,1.0,1.0,1.0,1.0,1.0,1.0,1.0,1.0,1.0,0.0
85,15.525506162643433,2.161800670565758,0.8940410614013672,0.12668115122388432,2120,0.14466889632107022,LogisticRegression(random_state=1),SAMME.R,"{'n_estimators': 2120, 'learning_rate': 0.14466889632107022, 'base_estimator': LogisticRegression(random_state=1), 'algorithm': 'SAMME.R'}",0.6918766728719217,0.8281199087650701,0.7183217372970694,0.7162944582299421,0.6906214258482654,0.8468294717089316,0.7704918032786885,0.7937476172321769,0.7825399960497729,0.744715786181553,0.7583558877463392,0.05219646780091825,4,0.7815088503179242,0.7586324643388913,0.7661167290105535,0.7689382794287396,0.7654231482835785,0.7539467789442632,0.7593331692650096,0.7523219434186074,0.7719973423251444,0.7640560743099712,0.7642274779642683,0.008300177766533119
86,0.014196968078613282,0.002895283818306776,0.005899167060852051,0.0007001022915252169,4120,0.28499665551839465,DecisionTreeClassifier(random_state=1),SAMME.R,"{'n_estimators': 4120, 'learning_rate': 0.28499665551839465, 'base_estimator': DecisionTreeClassifier(random_state=1), 'algorithm': 'SAMME.R'}",0.6451612903225806,0.7535855459603954,0.7162944582299421,0.7271176443900005,0.6426021006541739,0.70784133898888,0.7755316792202037,0.7106778910057596,0.6065573770491803,0.7099823686086209,0.6995351694429737,0.04988350326744756,47,1.0,1.0,1.0,1.0,1.0,1.0,1.0,1.0,1.0,1.0,1.0,0.0
87,0.013193011283874512,0.0014687552987171016,0.0053963899612426754,0.0004904521617878593,3010,0.702638795986622,DecisionTreeClassifier(random_state=1),SAMME.R,"{'n_estimators': 3010, 'learning_rate': 0.702638795986622, 'base_estimator': DecisionTreeClassifier(random_state=1), 'algorithm': 'SAMME.R'}",0.6451612903225806,0.7535855459603954,0.7162944582299421,0.7271176443900005,0.6426021006541739,0.70784133898888,0.7755316792202037,0.7106778910057596,0.6065573770491803,0.7099823686086209,0.6995351694429737,0.04988350326744756,47,1.0,1.0,1.0,1.0,1.0,1.0,1.0,1.0,1.0,1.0,1.0,0.0
88,0.013991808891296387,0.0013409216414921666,0.005097055435180664,0.0002999628501468749,3530,0.15135117056856187,DecisionTreeClassifier(random_state=1),SAMME,"{'n_estimators': 3530, 'learning_rate': 0.15135117056856187, 'base_estimator': DecisionTreeClassifier(random_state=1), 'algorithm': 'SAMME'}",0.6451612903225806,0.7535855459603954,0.7162944582299421,0.7271176443900005,0.6426021006541739,0.70784133898888,0.7755316792202037,0.7106778910057596,0.6065573770491803,0.7099823686086209,0.6995351694429737,0.04988350326744756,47,1.0,1.0,1.0,1.0,1.0,1.0,1.0,1.0,1.0,1.0,1.0,0.0
89,0.014291810989379882,0.0035205379204542074,0.005297303199768066,0.0004584384114012835,4520,0.5456053511705685,DecisionTreeClassifier(random_state=1),SAMME,"{'n_estimators': 4520, 'learning_rate': 0.5456053511705685, 'base_estimator': DecisionTreeClassifier(random_state=1), 'algorithm': 'SAMME'}",0.6451612903225806,0.7535855459603954,0.7162944582299421,0.7271176443900005,0.6426021006541739,0.70784133898888,0.7755316792202037,0.7106778910057596,0.6065573770491803,0.7099823686086209,0.6995351694429737,0.04988350326744756,47,1.0,1.0,1.0,1.0,1.0,1.0,1.0,1.0,1.0,1.0,1.0,0.0
90,23.630509305000306,2.669289838872103,1.900690460205078,0.5186297629253639,3050,0.9331772575250836,LogisticRegression(random_state=1),SAMME.R,"{'n_estimators': 3050, 'learning_rate': 0.9331772575250836, 'base_estimator': LogisticRegression(random_state=1), 'algorithm': 'SAMME.R'}",0.6918766728719217,0.8281199087650701,0.7183217372970694,0.7162944582299421,0.6906214258482654,0.8468294717089316,0.7704918032786885,0.7937476172321769,0.7825399960497729,0.744715786181553,0.7583558877463392,0.05219646780091825,4,0.7815088503179242,0.7586324643388913,0.7661167290105535,0.7689382794287396,0.7654231482835785,0.7539467789442632,0.7593331692650096,0.7523219434186074,0.7703520936064796,0.7640560743099712,0.7640629530924018,0.008159650420234235
91,5.739038753509521,10.685454028794219,0.2712453842163086,0.5620595751579264,2250,0.27163210702341134,LogisticRegression(random_state=1),SAMME,"{'n_estimators': 2250, 'learning_rate': 0.27163210702341134, 'base_estimator': LogisticRegression(random_state=1), 'algorithm': 'SAMME'}",0.6823712507074136,0.8129352934692201,0.7207302854217814,0.7063054962346859,0.6906214258482654,0.8671731307477011,0.7744307311400384,0.7937476172321769,0.7675529788084767,0.8032786885245902,0.7619146898134349,0.05726571784515761,2,0.7699284942404525,0.751826081137502,0.757318039835446,0.7612053046835656,0.7636873146466778,0.747768926249939,0.751424449057911,0.7570858293162022,0.751424449057911,0.7594291503694235,0.757109803859503,0.006399962048569083
92,0.02228693962097168,0.008433911630162176,0.006095314025878906,0.0013003439276957167,350,0.6157692307692307,DecisionTreeClassifier(random_state=1),SAMME,"{'n_estimators': 350, 'learning_rate': 0.6157692307692307, 'base_estimator': DecisionTreeClassifier(random_state=1), 'algorithm': 'SAMME'}",0.6451612903225806,0.7535855459603954,0.7162944582299421,0.7271176443900005,0.6426021006541739,0.70784133898888,0.7755316792202037,0.7106778910057596,0.6065573770491803,0.7099823686086209,0.6995351694429737,0.04988350326744756,47,1.0,1.0,1.0,1.0,1.0,1.0,1.0,1.0,1.0,1.0,1.0,0.0
93,8.18659987449646,15.78154936856934,0.28583650588989257,0.5445234308749588,3700,0.4186421404682274,LogisticRegression(random_state=1),SAMME,"{'n_estimators': 3700, 'learning_rate': 0.4186421404682274, 'base_estimator': LogisticRegression(random_state=1), 'algorithm': 'SAMME'}",0.6520662598081952,0.8316026375014807,0.7063054962346859,0.7063054962346859,0.6906214258482654,0.8206276512062234,0.7744307311400384,0.7976087760384568,0.7675529788084767,0.7880144968800823,0.7535135949700591,0.057511493754575906,31,0.7734121372842585,0.7443649936005027,0.7632813532443504,0.7728378554785931,0.7687032073942324,0.7473922727473206,0.7583752174104808,0.7554274183741772,0.7613019891500904,0.7593481116401112,0.7604444556324117,0.009264504394458731
94,0.015490102767944335,0.002801252806218695,0.008095169067382812,0.0044353049348523944,3480,0.47878260869565215,DecisionTreeClassifier(random_state=1),SAMME.R,"{'n_estimators': 3480, 'learning_rate': 0.47878260869565215, 'base_estimator': DecisionTreeClassifier(random_state=1), 'algorithm': 'SAMME.R'}",0.6451612903225806,0.7535855459603954,0.7162944582299421,0.7271176443900005,0.6426021006541739,0.70784133898888,0.7755316792202037,0.7106778910057596,0.6065573770491803,0.7099823686086209,0.6995351694429737,0.04988350326744756,47,1.0,1.0,1.0,1.0,1.0,1.0,1.0,1.0,1.0,1.0,1.0,0.0
95,29.94276647567749,1.8572483356129865,1.7623575448989868,0.3338214478354762,3080,0.8529899665551839,LogisticRegression(random_state=1),SAMME.R,"{'n_estimators': 3080, 'learning_rate': 0.8529899665551839, 'base_estimator': LogisticRegression(random_state=1), 'algorithm': 'SAMME.R'}",0.6918766728719217,0.8281199087650701,0.7183217372970694,0.7162944582299421,0.6906214258482654,0.8468294717089316,0.7704918032786885,0.7937476172321769,0.7825399960497729,0.744715786181553,0.7583558877463392,0.05219646780091825,4,0.7815088503179242,0.7586324643388913,0.7661167290105535,0.7689382794287396,0.7654231482835785,0.7539467789442632,0.7593331692650096,0.7523219434186074,0.7719973423251444,0.7640560743099712,0.7642274779642683,0.008300177766533119
96,0.015534520149230957,0.0012989800745980993,0.007774138450622558,0.005588823051351764,4220,0.9498829431438127,DecisionTreeClassifier(random_state=1),SAMME.R,"{'n_estimators': 4220, 'learning_rate': 0.9498829431438127, 'base_estimator': DecisionTreeClassifier(random_state=1), 'algorithm': 'SAMME.R'}",0.6451612903225806,0.7535855459603954,0.7162944582299421,0.7271176443900005,0.6426021006541739,0.70784133898888,0.7755316792202037,0.7106778910057596,0.6065573770491803,0.7099823686086209,0.6995351694429737,0.04988350326744756,47,1.0,1.0,1.0,1.0,1.0,1.0,1.0,1.0,1.0,1.0,1.0,0.0
97,32.7878321647644,1.8426738965415157,1.9383642435073853,0.42296117130676475,4040,0.23153846153846153,LogisticRegression(random_state=1),SAMME.R,"{'n_estimators': 4040, 'learning_rate': 0.23153846153846153, 'base_estimator': LogisticRegression(random_state=1), 'algorithm': 'SAMME.R'}",0.6918766728719217,0.8281199087650701,0.7183217372970694,0.7162944582299421,0.6906214258482654,0.8468294717089316,0.7704918032786885,0.7937476172321769,0.7825399960497729,0.744715786181553,0.7583558877463392,0.05219646780091825,4,0.7815088503179242,0.7586324643388913,0.7661167290105535,0.7689382794287396,0.7654231482835785,0.7539467789442632,0.7593331692650096,0.7523219434186074,0.7719973423251444,0.7640560743099712,0.7642274779642683,0.008300177766533119
98,0.7263330936431884,0.06085964053234699,0.035402655601501465,0.0019360061908971144,60,0.19812709030100334,LogisticRegression(random_state=1),SAMME.R,"{'n_estimators': 60, 'learning_rate': 0.19812709030100334, 'base_estimator': LogisticRegression(random_state=1), 'algorithm': 'SAMME.R'}",0.6918766728719217,0.8087402267902449,0.7044167141303784,0.7162944582299421,0.7046542302619181,0.8468294717089316,0.7526174715299065,0.7741473525532315,0.744715786181553,0.744715786181553,0.7489008170439581,0.04701970854147359,40,0.7646978974156003,0.7566586134178995,0.7635422664399245,0.7642040827692824,0.7616997061928416,0.7518123308045412,0.7577033166703051,0.7518123308045412,0.7603109326323517,0.7545361263344069,0.7586977603481694,0.004676419468736468
99,0.17364768981933593,0.03406687140941645,0.010793638229370118,0.001535127712730207,1590,0.7861672240802675,LogisticRegression(random_state=1),SAMME,"{'n_estimators': 1590, 'learning_rate': 0.7861672240802675, 'base_estimator': LogisticRegression(random_state=1), 'algorithm': 'SAMME'}",0.6823712507074136,0.8129352934692201,0.7063054962346859,0.7063054962346859,0.6906214258482654,0.8360655737704918,0.7268457156144634,0.7937476172321769,0.7049180327868853,0.737704918032787,0.7397820819931076,0.05184157163280829,45,0.7619328922495274,0.745119328227497,0.7483700827778185,0.7513116481011279,0.7581075126542898,0.7388216059565182,0.7486441223438476,0.7473922727473206,0.7458829100159123,0.7441134034419669,0.7489695778515826,0.006410176102810005
