,mean_fit_time,std_fit_time,mean_score_time,std_score_time,param_n_estimators,param_min_samples_split,param_min_samples_leaf,param_max_samples,param_max_leaf_nodes,param_max_features,param_max_depth,param_criterion,params,split0_test_score,split1_test_score,split2_test_score,split3_test_score,split4_test_score,split5_test_score,split6_test_score,split7_test_score,split8_test_score,split9_test_score,mean_test_score,std_test_score,rank_test_score,split0_train_score,split1_train_score,split2_train_score,split3_train_score,split4_train_score,split5_train_score,split6_train_score,split7_train_score,split8_train_score,split9_train_score,mean_train_score,std_train_score
0,10.499272966384888,2.2174146545140423,0.7560925483703613,0.18428847181424518,1821,523,3708,0.38,68,1,62,gini,"{'n_estimators': 1821, 'min_samples_split': 523, 'min_samples_leaf': 3708, 'max_samples': 0.38, 'max_leaf_nodes': 68, 'max_features': 1, 'max_depth': 62, 'criterion': 'gini'}",0.3403893202850761,0.3403893202850761,0.3403893202850761,0.3403893202850761,0.3403893202850761,0.3403893202850761,0.3403893202850761,0.3403893202850761,0.3403893202850761,0.3403893202850761,0.3403893202850762,5.551115123125783e-17,2,0.34038932028507607,0.34038932028507607,0.34038932028507607,0.34038932028507607,0.34038932028507607,0.34038932028507607,0.34038932028507607,0.34038932028507607,0.34038932028507607,0.34038932028507607,0.340389320285076,5.551115123125783e-17
1,13.771733903884888,2.0211927584534575,1.1278982400894164,0.3447175952796425,2441,421,3281,0.9500000000000001,150,1,223,gini,"{'n_estimators': 2441, 'min_samples_split': 421, 'min_samples_leaf': 3281, 'max_samples': 0.9500000000000001, 'max_leaf_nodes': 150, 'max_features': 1, 'max_depth': 223, 'criterion': 'gini'}",0.3403893202850761,0.3403893202850761,0.3403893202850761,0.3403893202850761,0.3403893202850761,0.3403893202850761,0.3403893202850761,0.3403893202850761,0.3403893202850761,0.3403893202850761,0.3403893202850762,5.551115123125783e-17,2,0.34038932028507607,0.34038932028507607,0.34038932028507607,0.34038932028507607,0.34038932028507607,0.34038932028507607,0.34038932028507607,0.34038932028507607,0.34038932028507607,0.34038932028507607,0.340389320285076,5.551115123125783e-17
2,3.8396156549453737,1.1697978565415943,0.3893754243850708,0.16995116455720943,721,148,323,0.65,21,1,233,gini,"{'n_estimators': 721, 'min_samples_split': 148, 'min_samples_leaf': 323, 'max_samples': 0.65, 'max_leaf_nodes': 21, 'max_features': 1, 'max_depth': 233, 'criterion': 'gini'}",0.3403893202850761,0.3403893202850761,0.3403893202850761,0.3403893202850761,0.3403893202850761,0.3403893202850761,0.3403893202850761,0.3403893202850761,0.3403893202850761,0.3403893202850761,0.3403893202850762,5.551115123125783e-17,2,0.34038932028507607,0.34038932028507607,0.34038932028507607,0.34038932028507607,0.34038932028507607,0.34038932028507607,0.34038932028507607,0.34038932028507607,0.34038932028507607,0.34038932028507607,0.340389320285076,5.551115123125783e-17
3,0.45461311340332033,0.1419441860452978,0.04964931011199951,0.01995424307022503,81,517,3330,0.65,207,1,176,gini,"{'n_estimators': 81, 'min_samples_split': 517, 'min_samples_leaf': 3330, 'max_samples': 0.65, 'max_leaf_nodes': 207, 'max_features': 1, 'max_depth': 176, 'criterion': 'gini'}",0.3403893202850761,0.3403893202850761,0.3403893202850761,0.3403893202850761,0.3403893202850761,0.3403893202850761,0.3403893202850761,0.3403893202850761,0.3403893202850761,0.3403893202850761,0.3403893202850762,5.551115123125783e-17,2,0.34038932028507607,0.34038932028507607,0.34038932028507607,0.34038932028507607,0.34038932028507607,0.34038932028507607,0.34038932028507607,0.34038932028507607,0.34038932028507607,0.34038932028507607,0.340389320285076,5.551115123125783e-17
4,13.623968267440796,2.6174092622619627,1.1982192754745484,0.49476408318584747,2421,508,1083,0.11,152,1,252,entropy,"{'n_estimators': 2421, 'min_samples_split': 508, 'min_samples_leaf': 1083, 'max_samples': 0.11, 'max_leaf_nodes': 152, 'max_features': 1, 'max_depth': 252, 'criterion': 'entropy'}",0.3403893202850761,0.3403893202850761,0.3403893202850761,0.3403893202850761,0.3403893202850761,0.3403893202850761,0.3403893202850761,0.3403893202850761,0.3403893202850761,0.3403893202850761,0.3403893202850762,5.551115123125783e-17,2,0.34038932028507607,0.34038932028507607,0.34038932028507607,0.34038932028507607,0.34038932028507607,0.34038932028507607,0.34038932028507607,0.34038932028507607,0.34038932028507607,0.34038932028507607,0.340389320285076,5.551115123125783e-17
5,4.870740938186645,1.1038565559979865,0.3990244150161743,0.12267655520306214,881,466,2797,0.61,286,1,109,gini,"{'n_estimators': 881, 'min_samples_split': 466, 'min_samples_leaf': 2797, 'max_samples': 0.61, 'max_leaf_nodes': 286, 'max_features': 1, 'max_depth': 109, 'criterion': 'gini'}",0.3403893202850761,0.3403893202850761,0.3403893202850761,0.3403893202850761,0.3403893202850761,0.3403893202850761,0.3403893202850761,0.3403893202850761,0.3403893202850761,0.3403893202850761,0.3403893202850762,5.551115123125783e-17,2,0.34038932028507607,0.34038932028507607,0.34038932028507607,0.34038932028507607,0.34038932028507607,0.34038932028507607,0.34038932028507607,0.34038932028507607,0.34038932028507607,0.34038932028507607,0.340389320285076,5.551115123125783e-17
6,11.363473606109618,2.06621841107874,0.893554425239563,0.2710940477703026,2041,123,488,0.61,193,1,158,entropy,"{'n_estimators': 2041, 'min_samples_split': 123, 'min_samples_leaf': 488, 'max_samples': 0.61, 'max_leaf_nodes': 193, 'max_features': 1, 'max_depth': 158, 'criterion': 'entropy'}",0.3403893202850761,0.3403893202850761,0.3403893202850761,0.3403893202850761,0.3403893202850761,0.3403893202850761,0.3403893202850761,0.3403893202850761,0.3403893202850761,0.3403893202850761,0.3403893202850762,5.551115123125783e-17,2,0.34038932028507607,0.34038932028507607,0.34038932028507607,0.34038932028507607,0.34038932028507607,0.34038932028507607,0.34038932028507607,0.34038932028507607,0.34038932028507607,0.34038932028507607,0.340389320285076,5.551115123125783e-17
7,10.901482510566712,1.7886461518801322,0.8453056335449218,0.31027094776393144,1881,606,2679,0.3,219,1,104,log_loss,"{'n_estimators': 1881, 'min_samples_split': 606, 'min_samples_leaf': 2679, 'max_samples': 0.3, 'max_leaf_nodes': 219, 'max_features': 1, 'max_depth': 104, 'criterion': 'log_loss'}",0.3403893202850761,0.3403893202850761,0.3403893202850761,0.3403893202850761,0.3403893202850761,0.3403893202850761,0.3403893202850761,0.3403893202850761,0.3403893202850761,0.3403893202850761,0.3403893202850762,5.551115123125783e-17,2,0.34038932028507607,0.34038932028507607,0.34038932028507607,0.34038932028507607,0.34038932028507607,0.34038932028507607,0.34038932028507607,0.34038932028507607,0.34038932028507607,0.34038932028507607,0.340389320285076,5.551115123125783e-17
8,12.155476880073547,2.1820495282782524,0.933010458946228,0.20212636780373916,2181,146,3407,0.04,267,1,275,entropy,"{'n_estimators': 2181, 'min_samples_split': 146, 'min_samples_leaf': 3407, 'max_samples': 0.04, 'max_leaf_nodes': 267, 'max_features': 1, 'max_depth': 275, 'criterion': 'entropy'}",0.3403893202850761,0.3403893202850761,0.3403893202850761,0.3403893202850761,0.3403893202850761,0.3403893202850761,0.3403893202850761,0.3403893202850761,0.3403893202850761,0.3403893202850761,0.3403893202850762,5.551115123125783e-17,2,0.34038932028507607,0.34038932028507607,0.34038932028507607,0.34038932028507607,0.34038932028507607,0.34038932028507607,0.34038932028507607,0.34038932028507607,0.34038932028507607,0.34038932028507607,0.340389320285076,5.551115123125783e-17
9,5.422569036483765,0.7131931167969227,0.39054388999938966,0.0826583803384018,941,144,3398,0.48000000000000004,273,1,193,entropy,"{'n_estimators': 941, 'min_samples_split': 144, 'min_samples_leaf': 3398, 'max_samples': 0.48000000000000004, 'max_leaf_nodes': 273, 'max_features': 1, 'max_depth': 193, 'criterion': 'entropy'}",0.3403893202850761,0.3403893202850761,0.3403893202850761,0.3403893202850761,0.3403893202850761,0.3403893202850761,0.3403893202850761,0.3403893202850761,0.3403893202850761,0.3403893202850761,0.3403893202850762,5.551115123125783e-17,2,0.34038932028507607,0.34038932028507607,0.34038932028507607,0.34038932028507607,0.34038932028507607,0.34038932028507607,0.34038932028507607,0.34038932028507607,0.34038932028507607,0.34038932028507607,0.340389320285076,5.551115123125783e-17
10,12.086937093734742,2.963816343798439,1.0225047826766969,0.417206253680377,2141,602,899,0.86,130,1,207,entropy,"{'n_estimators': 2141, 'min_samples_split': 602, 'min_samples_leaf': 899, 'max_samples': 0.86, 'max_leaf_nodes': 130, 'max_features': 1, 'max_depth': 207, 'criterion': 'entropy'}",0.3403893202850761,0.3403893202850761,0.3403893202850761,0.3403893202850761,0.3403893202850761,0.3403893202850761,0.3403893202850761,0.3403893202850761,0.3403893202850761,0.3403893202850761,0.3403893202850762,5.551115123125783e-17,2,0.34038932028507607,0.34038932028507607,0.34038932028507607,0.34038932028507607,0.34038932028507607,0.34038932028507607,0.34038932028507607,0.34038932028507607,0.34038932028507607,0.34038932028507607,0.340389320285076,5.551115123125783e-17
11,10.368018126487732,1.1801420433602885,0.8873481988906861,0.22366794610251944,1881,571,1551,0.35000000000000003,18,1,29,entropy,"{'n_estimators': 1881, 'min_samples_split': 571, 'min_samples_leaf': 1551, 'max_samples': 0.35000000000000003, 'max_leaf_nodes': 18, 'max_features': 1, 'max_depth': 29, 'criterion': 'entropy'}",0.3403893202850761,0.3403893202850761,0.3403893202850761,0.3403893202850761,0.3403893202850761,0.3403893202850761,0.3403893202850761,0.3403893202850761,0.3403893202850761,0.3403893202850761,0.3403893202850762,5.551115123125783e-17,2,0.34038932028507607,0.34038932028507607,0.34038932028507607,0.34038932028507607,0.34038932028507607,0.34038932028507607,0.34038932028507607,0.34038932028507607,0.34038932028507607,0.34038932028507607,0.340389320285076,5.551115123125783e-17
12,3.083514380455017,0.7755171581139362,0.2883929967880249,0.10742309114850011,561,105,3806,0.98,131,1,114,log_loss,"{'n_estimators': 561, 'min_samples_split': 105, 'min_samples_leaf': 3806, 'max_samples': 0.98, 'max_leaf_nodes': 131, 'max_features': 1, 'max_depth': 114, 'criterion': 'log_loss'}",0.3403893202850761,0.3403893202850761,0.3403893202850761,0.3403893202850761,0.3403893202850761,0.3403893202850761,0.3403893202850761,0.3403893202850761,0.3403893202850761,0.3403893202850761,0.3403893202850762,5.551115123125783e-17,2,0.34038932028507607,0.34038932028507607,0.34038932028507607,0.34038932028507607,0.34038932028507607,0.34038932028507607,0.34038932028507607,0.34038932028507607,0.34038932028507607,0.34038932028507607,0.340389320285076,5.551115123125783e-17
13,4.684630060195923,1.2168735265389405,0.4657325267791748,0.17540634214950543,801,363,2033,0.59,85,1,83,entropy,"{'n_estimators': 801, 'min_samples_split': 363, 'min_samples_leaf': 2033, 'max_samples': 0.59, 'max_leaf_nodes': 85, 'max_features': 1, 'max_depth': 83, 'criterion': 'entropy'}",0.3403893202850761,0.3403893202850761,0.3403893202850761,0.3403893202850761,0.3403893202850761,0.3403893202850761,0.3403893202850761,0.3403893202850761,0.3403893202850761,0.3403893202850761,0.3403893202850762,5.551115123125783e-17,2,0.34038932028507607,0.34038932028507607,0.34038932028507607,0.34038932028507607,0.34038932028507607,0.34038932028507607,0.34038932028507607,0.34038932028507607,0.34038932028507607,0.34038932028507607,0.340389320285076,5.551115123125783e-17
14,9.22657494544983,1.2994111653476952,0.7752554893493653,0.2489879090444234,1721,328,3700,0.43,173,1,90,gini,"{'n_estimators': 1721, 'min_samples_split': 328, 'min_samples_leaf': 3700, 'max_samples': 0.43, 'max_leaf_nodes': 173, 'max_features': 1, 'max_depth': 90, 'criterion': 'gini'}",0.3403893202850761,0.3403893202850761,0.3403893202850761,0.3403893202850761,0.3403893202850761,0.3403893202850761,0.3403893202850761,0.3403893202850761,0.3403893202850761,0.3403893202850761,0.3403893202850762,5.551115123125783e-17,2,0.34038932028507607,0.34038932028507607,0.34038932028507607,0.34038932028507607,0.34038932028507607,0.34038932028507607,0.34038932028507607,0.34038932028507607,0.34038932028507607,0.34038932028507607,0.340389320285076,5.551115123125783e-17
15,6.557429099082947,1.815422517145655,0.5510474681854248,0.1825127635414258,1161,295,1241,0.73,257,1,117,gini,"{'n_estimators': 1161, 'min_samples_split': 295, 'min_samples_leaf': 1241, 'max_samples': 0.73, 'max_leaf_nodes': 257, 'max_features': 1, 'max_depth': 117, 'criterion': 'gini'}",0.3403893202850761,0.3403893202850761,0.3403893202850761,0.3403893202850761,0.3403893202850761,0.3403893202850761,0.3403893202850761,0.3403893202850761,0.3403893202850761,0.3403893202850761,0.3403893202850762,5.551115123125783e-17,2,0.34038932028507607,0.34038932028507607,0.34038932028507607,0.34038932028507607,0.34038932028507607,0.34038932028507607,0.34038932028507607,0.34038932028507607,0.34038932028507607,0.34038932028507607,0.340389320285076,5.551115123125783e-17
16,7.489110326766967,2.1993376624866947,0.6421075820922851,0.23638885385190073,1241,84,3071,0.97,159,1,37,log_loss,"{'n_estimators': 1241, 'min_samples_split': 84, 'min_samples_leaf': 3071, 'max_samples': 0.97, 'max_leaf_nodes': 159, 'max_features': 1, 'max_depth': 37, 'criterion': 'log_loss'}",0.3403893202850761,0.3403893202850761,0.3403893202850761,0.3403893202850761,0.3403893202850761,0.3403893202850761,0.3403893202850761,0.3403893202850761,0.3403893202850761,0.3403893202850761,0.3403893202850762,5.551115123125783e-17,2,0.34038932028507607,0.34038932028507607,0.34038932028507607,0.34038932028507607,0.34038932028507607,0.34038932028507607,0.34038932028507607,0.34038932028507607,0.34038932028507607,0.34038932028507607,0.340389320285076,5.551115123125783e-17
17,0.18693165779113768,0.016405680413460102,0.022490811347961426,0.0014964777991709063,41,388,1120,0.8,28,1,196,gini,"{'n_estimators': 41, 'min_samples_split': 388, 'min_samples_leaf': 1120, 'max_samples': 0.8, 'max_leaf_nodes': 28, 'max_features': 1, 'max_depth': 196, 'criterion': 'gini'}",0.3403893202850761,0.3403893202850761,0.3403893202850761,0.3403893202850761,0.3403893202850761,0.3403893202850761,0.3403893202850761,0.3403893202850761,0.3403893202850761,0.3403893202850761,0.3403893202850762,5.551115123125783e-17,2,0.34038932028507607,0.34038932028507607,0.34038932028507607,0.34038932028507607,0.34038932028507607,0.34038932028507607,0.34038932028507607,0.34038932028507607,0.34038932028507607,0.34038932028507607,0.340389320285076,5.551115123125783e-17
18,2.5071324825286867,0.7599904415353942,0.19782190322875975,0.04530874821466209,501,416,1854,0.9600000000000001,143,1,209,entropy,"{'n_estimators': 501, 'min_samples_split': 416, 'min_samples_leaf': 1854, 'max_samples': 0.9600000000000001, 'max_leaf_nodes': 143, 'max_features': 1, 'max_depth': 209, 'criterion': 'entropy'}",0.3403893202850761,0.3403893202850761,0.3403893202850761,0.3403893202850761,0.3403893202850761,0.3403893202850761,0.3403893202850761,0.3403893202850761,0.3403893202850761,0.3403893202850761,0.3403893202850762,5.551115123125783e-17,2,0.34038932028507607,0.34038932028507607,0.34038932028507607,0.34038932028507607,0.34038932028507607,0.34038932028507607,0.34038932028507607,0.34038932028507607,0.34038932028507607,0.34038932028507607,0.340389320285076,5.551115123125783e-17
19,9.174844908714295,1.1133895628107247,0.8321209192276001,0.3050983786207405,1641,269,3933,0.13,48,1,108,log_loss,"{'n_estimators': 1641, 'min_samples_split': 269, 'min_samples_leaf': 3933, 'max_samples': 0.13, 'max_leaf_nodes': 48, 'max_features': 1, 'max_depth': 108, 'criterion': 'log_loss'}",0.3403893202850761,0.3403893202850761,0.3403893202850761,0.3403893202850761,0.3403893202850761,0.3403893202850761,0.3403893202850761,0.3403893202850761,0.3403893202850761,0.3403893202850761,0.3403893202850762,5.551115123125783e-17,2,0.34038932028507607,0.34038932028507607,0.34038932028507607,0.34038932028507607,0.34038932028507607,0.34038932028507607,0.34038932028507607,0.34038932028507607,0.34038932028507607,0.34038932028507607,0.340389320285076,5.551115123125783e-17
20,11.90291178226471,2.6177851425910226,0.9491458892822265,0.2521146657731075,2121,331,255,0.7000000000000001,176,1,286,log_loss,"{'n_estimators': 2121, 'min_samples_split': 331, 'min_samples_leaf': 255, 'max_samples': 0.7000000000000001, 'max_leaf_nodes': 176, 'max_features': 1, 'max_depth': 286, 'criterion': 'log_loss'}",0.3403893202850761,0.3403893202850761,0.3403893202850761,0.3403893202850761,0.3403893202850761,0.3403893202850761,0.3403893202850761,0.3403893202850761,0.3403893202850761,0.3403893202850761,0.3403893202850762,5.551115123125783e-17,2,0.34038932028507607,0.34038932028507607,0.34038932028507607,0.34038932028507607,0.34038932028507607,0.34038932028507607,0.34038932028507607,0.34038932028507607,0.34038932028507607,0.34038932028507607,0.340389320285076,5.551115123125783e-17
21,13.19368326663971,3.1099108324558715,1.0890987157821654,0.41414463095800624,2361,22,3007,0.45,238,1,270,log_loss,"{'n_estimators': 2361, 'min_samples_split': 22, 'min_samples_leaf': 3007, 'max_samples': 0.45, 'max_leaf_nodes': 238, 'max_features': 1, 'max_depth': 270, 'criterion': 'log_loss'}",0.3403893202850761,0.3403893202850761,0.3403893202850761,0.3403893202850761,0.3403893202850761,0.3403893202850761,0.3403893202850761,0.3403893202850761,0.3403893202850761,0.3403893202850761,0.3403893202850762,5.551115123125783e-17,2,0.34038932028507607,0.34038932028507607,0.34038932028507607,0.34038932028507607,0.34038932028507607,0.34038932028507607,0.34038932028507607,0.34038932028507607,0.34038932028507607,0.34038932028507607,0.340389320285076,5.551115123125783e-17
22,6.426676797866821,1.7622266531832058,0.5538181781768798,0.197943641139453,1141,299,1962,0.21000000000000002,144,1,239,log_loss,"{'n_estimators': 1141, 'min_samples_split': 299, 'min_samples_leaf': 1962, 'max_samples': 0.21000000000000002, 'max_leaf_nodes': 144, 'max_features': 1, 'max_depth': 239, 'criterion': 'log_loss'}",0.3403893202850761,0.3403893202850761,0.3403893202850761,0.3403893202850761,0.3403893202850761,0.3403893202850761,0.3403893202850761,0.3403893202850761,0.3403893202850761,0.3403893202850761,0.3403893202850762,5.551115123125783e-17,2,0.34038932028507607,0.34038932028507607,0.34038932028507607,0.34038932028507607,0.34038932028507607,0.34038932028507607,0.34038932028507607,0.34038932028507607,0.34038932028507607,0.34038932028507607,0.340389320285076,5.551115123125783e-17
23,1.7267753839492799,0.5916871692639604,0.17078125476837158,0.06920275480138098,301,291,492,0.4,105,1,154,gini,"{'n_estimators': 301, 'min_samples_split': 291, 'min_samples_leaf': 492, 'max_samples': 0.4, 'max_leaf_nodes': 105, 'max_features': 1, 'max_depth': 154, 'criterion': 'gini'}",0.3403893202850761,0.3403893202850761,0.3403893202850761,0.3403893202850761,0.3403893202850761,0.3403893202850761,0.3403893202850761,0.3403893202850761,0.3403893202850761,0.3403893202850761,0.3403893202850762,5.551115123125783e-17,2,0.34038932028507607,0.34038932028507607,0.34038932028507607,0.34038932028507607,0.34038932028507607,0.34038932028507607,0.34038932028507607,0.34038932028507607,0.34038932028507607,0.34038932028507607,0.340389320285076,5.551115123125783e-17
24,1.1784758567810059,0.265675065320909,0.11436433792114258,0.06569587158130574,201,421,337,0.55,66,1,170,gini,"{'n_estimators': 201, 'min_samples_split': 421, 'min_samples_leaf': 337, 'max_samples': 0.55, 'max_leaf_nodes': 66, 'max_features': 1, 'max_depth': 170, 'criterion': 'gini'}",0.3403893202850761,0.3403893202850761,0.3403893202850761,0.3403893202850761,0.3403893202850761,0.3403893202850761,0.3403893202850761,0.3403893202850761,0.3403893202850761,0.3403893202850761,0.3403893202850762,5.551115123125783e-17,2,0.34038932028507607,0.34038932028507607,0.34038932028507607,0.34038932028507607,0.34038932028507607,0.34038932028507607,0.34038932028507607,0.34038932028507607,0.34038932028507607,0.34038932028507607,0.340389320285076,5.551115123125783e-17
25,11.456944513320924,3.3793721057479726,0.9458469152450562,0.31105713828859477,2021,466,909,0.73,195,1,207,log_loss,"{'n_estimators': 2021, 'min_samples_split': 466, 'min_samples_leaf': 909, 'max_samples': 0.73, 'max_leaf_nodes': 195, 'max_features': 1, 'max_depth': 207, 'criterion': 'log_loss'}",0.3403893202850761,0.3403893202850761,0.3403893202850761,0.3403893202850761,0.3403893202850761,0.3403893202850761,0.3403893202850761,0.3403893202850761,0.3403893202850761,0.3403893202850761,0.3403893202850762,5.551115123125783e-17,2,0.34038932028507607,0.34038932028507607,0.34038932028507607,0.34038932028507607,0.34038932028507607,0.34038932028507607,0.34038932028507607,0.34038932028507607,0.34038932028507607,0.34038932028507607,0.340389320285076,5.551115123125783e-17
26,2.0559149026870727,0.3639130815538717,0.16677281856536866,0.05472295932637625,381,585,2111,0.18000000000000002,276,1,133,entropy,"{'n_estimators': 381, 'min_samples_split': 585, 'min_samples_leaf': 2111, 'max_samples': 0.18000000000000002, 'max_leaf_nodes': 276, 'max_features': 1, 'max_depth': 133, 'criterion': 'entropy'}",0.3403893202850761,0.3403893202850761,0.3403893202850761,0.3403893202850761,0.3403893202850761,0.3403893202850761,0.3403893202850761,0.3403893202850761,0.3403893202850761,0.3403893202850761,0.3403893202850762,5.551115123125783e-17,2,0.34038932028507607,0.34038932028507607,0.34038932028507607,0.34038932028507607,0.34038932028507607,0.34038932028507607,0.34038932028507607,0.34038932028507607,0.34038932028507607,0.34038932028507607,0.340389320285076,5.551115123125783e-17
27,13.981463718414307,1.8067541995583434,1.2140690803527832,0.3676182411494386,2461,329,3460,0.16,206,1,112,entropy,"{'n_estimators': 2461, 'min_samples_split': 329, 'min_samples_leaf': 3460, 'max_samples': 0.16, 'max_leaf_nodes': 206, 'max_features': 1, 'max_depth': 112, 'criterion': 'entropy'}",0.3403893202850761,0.3403893202850761,0.3403893202850761,0.3403893202850761,0.3403893202850761,0.3403893202850761,0.3403893202850761,0.3403893202850761,0.3403893202850761,0.3403893202850761,0.3403893202850762,5.551115123125783e-17,2,0.34038932028507607,0.34038932028507607,0.34038932028507607,0.34038932028507607,0.34038932028507607,0.34038932028507607,0.34038932028507607,0.34038932028507607,0.34038932028507607,0.34038932028507607,0.340389320285076,5.551115123125783e-17
28,13.029433178901673,3.0012201982314815,1.1706163883209229,0.40295163262271266,2361,589,3425,0.77,174,1,126,entropy,"{'n_estimators': 2361, 'min_samples_split': 589, 'min_samples_leaf': 3425, 'max_samples': 0.77, 'max_leaf_nodes': 174, 'max_features': 1, 'max_depth': 126, 'criterion': 'entropy'}",0.3403893202850761,0.3403893202850761,0.3403893202850761,0.3403893202850761,0.3403893202850761,0.3403893202850761,0.3403893202850761,0.3403893202850761,0.3403893202850761,0.3403893202850761,0.3403893202850762,5.551115123125783e-17,2,0.34038932028507607,0.34038932028507607,0.34038932028507607,0.34038932028507607,0.34038932028507607,0.34038932028507607,0.34038932028507607,0.34038932028507607,0.34038932028507607,0.34038932028507607,0.340389320285076,5.551115123125783e-17
29,9.572158217430115,1.2394175449098601,0.7882160186767578,0.2602003246051958,1681,178,3734,0.18000000000000002,137,1,153,log_loss,"{'n_estimators': 1681, 'min_samples_split': 178, 'min_samples_leaf': 3734, 'max_samples': 0.18000000000000002, 'max_leaf_nodes': 137, 'max_features': 1, 'max_depth': 153, 'criterion': 'log_loss'}",0.3403893202850761,0.3403893202850761,0.3403893202850761,0.3403893202850761,0.3403893202850761,0.3403893202850761,0.3403893202850761,0.3403893202850761,0.3403893202850761,0.3403893202850761,0.3403893202850762,5.551115123125783e-17,2,0.34038932028507607,0.34038932028507607,0.34038932028507607,0.34038932028507607,0.34038932028507607,0.34038932028507607,0.34038932028507607,0.34038932028507607,0.34038932028507607,0.34038932028507607,0.340389320285076,5.551115123125783e-17
30,0.015824103355407716,0.003780406599656047,0.00863354206085205,0.0009354760189192699,1,430,2202,0.92,187,1,175,gini,"{'n_estimators': 1, 'min_samples_split': 430, 'min_samples_leaf': 2202, 'max_samples': 0.92, 'max_leaf_nodes': 187, 'max_features': 1, 'max_depth': 175, 'criterion': 'gini'}",0.3403893202850761,0.3403893202850761,0.3403893202850761,0.3403893202850761,0.3403893202850761,0.3403893202850761,0.3403893202850761,0.3403893202850761,0.3403893202850761,0.3403893202850761,0.3403893202850762,5.551115123125783e-17,2,0.34038932028507607,0.34038932028507607,0.34038932028507607,0.34038932028507607,0.34038932028507607,0.34038932028507607,0.34038932028507607,0.34038932028507607,0.34038932028507607,0.34038932028507607,0.340389320285076,5.551115123125783e-17
31,11.691972398757935,1.3756793371476859,1.0037014722824096,0.23666863165088672,2141,468,1846,0.72,36,1,13,entropy,"{'n_estimators': 2141, 'min_samples_split': 468, 'min_samples_leaf': 1846, 'max_samples': 0.72, 'max_leaf_nodes': 36, 'max_features': 1, 'max_depth': 13, 'criterion': 'entropy'}",0.3403893202850761,0.3403893202850761,0.3403893202850761,0.3403893202850761,0.3403893202850761,0.3403893202850761,0.3403893202850761,0.3403893202850761,0.3403893202850761,0.3403893202850761,0.3403893202850762,5.551115123125783e-17,2,0.34038932028507607,0.34038932028507607,0.34038932028507607,0.34038932028507607,0.34038932028507607,0.34038932028507607,0.34038932028507607,0.34038932028507607,0.34038932028507607,0.34038932028507607,0.340389320285076,5.551115123125783e-17
32,8.022808384895324,1.2095245424914496,0.5445854902267456,0.1461654397362066,1401,75,1740,0.49,66,1,152,entropy,"{'n_estimators': 1401, 'min_samples_split': 75, 'min_samples_leaf': 1740, 'max_samples': 0.49, 'max_leaf_nodes': 66, 'max_features': 1, 'max_depth': 152, 'criterion': 'entropy'}",0.3403893202850761,0.3403893202850761,0.3403893202850761,0.3403893202850761,0.3403893202850761,0.3403893202850761,0.3403893202850761,0.3403893202850761,0.3403893202850761,0.3403893202850761,0.3403893202850762,5.551115123125783e-17,2,0.34038932028507607,0.34038932028507607,0.34038932028507607,0.34038932028507607,0.34038932028507607,0.34038932028507607,0.34038932028507607,0.34038932028507607,0.34038932028507607,0.34038932028507607,0.340389320285076,5.551115123125783e-17
33,8.586731910705566,0.9027255960622227,0.7718034505844116,0.19953692026659864,1541,259,1941,0.42000000000000004,160,1,293,gini,"{'n_estimators': 1541, 'min_samples_split': 259, 'min_samples_leaf': 1941, 'max_samples': 0.42000000000000004, 'max_leaf_nodes': 160, 'max_features': 1, 'max_depth': 293, 'criterion': 'gini'}",0.3403893202850761,0.3403893202850761,0.3403893202850761,0.3403893202850761,0.3403893202850761,0.3403893202850761,0.3403893202850761,0.3403893202850761,0.3403893202850761,0.3403893202850761,0.3403893202850762,5.551115123125783e-17,2,0.34038932028507607,0.34038932028507607,0.34038932028507607,0.34038932028507607,0.34038932028507607,0.34038932028507607,0.34038932028507607,0.34038932028507607,0.34038932028507607,0.34038932028507607,0.340389320285076,5.551115123125783e-17
34,9.101953482627868,1.1170265586100814,0.7806085348129272,0.1780721806805596,1661,482,464,0.12,287,1,186,gini,"{'n_estimators': 1661, 'min_samples_split': 482, 'min_samples_leaf': 464, 'max_samples': 0.12, 'max_leaf_nodes': 287, 'max_features': 1, 'max_depth': 186, 'criterion': 'gini'}",0.3403893202850761,0.3403893202850761,0.3403893202850761,0.3403893202850761,0.3403893202850761,0.3403893202850761,0.3403893202850761,0.3403893202850761,0.3403893202850761,0.3403893202850761,0.3403893202850762,5.551115123125783e-17,2,0.34038932028507607,0.34038932028507607,0.34038932028507607,0.34038932028507607,0.34038932028507607,0.34038932028507607,0.34038932028507607,0.34038932028507607,0.34038932028507607,0.34038932028507607,0.340389320285076,5.551115123125783e-17
35,11.721221208572388,1.2689182751743309,0.9439573526382447,0.20463942063765397,2061,448,355,0.68,284,1,241,gini,"{'n_estimators': 2061, 'min_samples_split': 448, 'min_samples_leaf': 355, 'max_samples': 0.68, 'max_leaf_nodes': 284, 'max_features': 1, 'max_depth': 241, 'criterion': 'gini'}",0.3403893202850761,0.3403893202850761,0.3403893202850761,0.3403893202850761,0.3403893202850761,0.3403893202850761,0.3403893202850761,0.3403893202850761,0.3403893202850761,0.3403893202850761,0.3403893202850762,5.551115123125783e-17,2,0.34038932028507607,0.34038932028507607,0.34038932028507607,0.34038932028507607,0.34038932028507607,0.34038932028507607,0.34038932028507607,0.34038932028507607,0.34038932028507607,0.34038932028507607,0.340389320285076,5.551115123125783e-17
36,9.382343745231628,1.3352898479560305,0.909233546257019,0.22248243457978784,1641,115,3375,0.33,164,1,48,entropy,"{'n_estimators': 1641, 'min_samples_split': 115, 'min_samples_leaf': 3375, 'max_samples': 0.33, 'max_leaf_nodes': 164, 'max_features': 1, 'max_depth': 48, 'criterion': 'entropy'}",0.3403893202850761,0.3403893202850761,0.3403893202850761,0.3403893202850761,0.3403893202850761,0.3403893202850761,0.3403893202850761,0.3403893202850761,0.3403893202850761,0.3403893202850761,0.3403893202850762,5.551115123125783e-17,2,0.34038932028507607,0.34038932028507607,0.34038932028507607,0.34038932028507607,0.34038932028507607,0.34038932028507607,0.34038932028507607,0.34038932028507607,0.34038932028507607,0.34038932028507607,0.340389320285076,5.551115123125783e-17
37,13.24407753944397,1.2952807430998203,1.16434965133667,0.3405326669487346,2461,21,3619,0.39,11,1,142,entropy,"{'n_estimators': 2461, 'min_samples_split': 21, 'min_samples_leaf': 3619, 'max_samples': 0.39, 'max_leaf_nodes': 11, 'max_features': 1, 'max_depth': 142, 'criterion': 'entropy'}",0.3403893202850761,0.3403893202850761,0.3403893202850761,0.3403893202850761,0.3403893202850761,0.3403893202850761,0.3403893202850761,0.3403893202850761,0.3403893202850761,0.3403893202850761,0.3403893202850762,5.551115123125783e-17,2,0.34038932028507607,0.34038932028507607,0.34038932028507607,0.34038932028507607,0.34038932028507607,0.34038932028507607,0.34038932028507607,0.34038932028507607,0.34038932028507607,0.34038932028507607,0.340389320285076,5.551115123125783e-17
38,9.546270728111267,1.4465868915538853,0.9470253705978393,0.23426281513609176,1661,238,2653,0.72,102,1,105,entropy,"{'n_estimators': 1661, 'min_samples_split': 238, 'min_samples_leaf': 2653, 'max_samples': 0.72, 'max_leaf_nodes': 102, 'max_features': 1, 'max_depth': 105, 'criterion': 'entropy'}",0.3403893202850761,0.3403893202850761,0.3403893202850761,0.3403893202850761,0.3403893202850761,0.3403893202850761,0.3403893202850761,0.3403893202850761,0.3403893202850761,0.3403893202850761,0.3403893202850762,5.551115123125783e-17,2,0.34038932028507607,0.34038932028507607,0.34038932028507607,0.34038932028507607,0.34038932028507607,0.34038932028507607,0.34038932028507607,0.34038932028507607,0.34038932028507607,0.34038932028507607,0.340389320285076,5.551115123125783e-17
39,4.666531896591186,0.3383952042188484,0.4457674503326416,0.16655553352678595,881,414,2831,0.54,16,1,284,gini,"{'n_estimators': 881, 'min_samples_split': 414, 'min_samples_leaf': 2831, 'max_samples': 0.54, 'max_leaf_nodes': 16, 'max_features': 1, 'max_depth': 284, 'criterion': 'gini'}",0.3403893202850761,0.3403893202850761,0.3403893202850761,0.3403893202850761,0.3403893202850761,0.3403893202850761,0.3403893202850761,0.3403893202850761,0.3403893202850761,0.3403893202850761,0.3403893202850762,5.551115123125783e-17,2,0.34038932028507607,0.34038932028507607,0.34038932028507607,0.34038932028507607,0.34038932028507607,0.34038932028507607,0.34038932028507607,0.34038932028507607,0.34038932028507607,0.34038932028507607,0.340389320285076,5.551115123125783e-17
40,3.338145208358765,0.7134613535868136,0.25950937271118163,0.057446352240273765,581,194,1696,0.19,199,1,198,log_loss,"{'n_estimators': 581, 'min_samples_split': 194, 'min_samples_leaf': 1696, 'max_samples': 0.19, 'max_leaf_nodes': 199, 'max_features': 1, 'max_depth': 198, 'criterion': 'log_loss'}",0.3403893202850761,0.3403893202850761,0.3403893202850761,0.3403893202850761,0.3403893202850761,0.3403893202850761,0.3403893202850761,0.3403893202850761,0.3403893202850761,0.3403893202850761,0.3403893202850762,5.551115123125783e-17,2,0.34038932028507607,0.34038932028507607,0.34038932028507607,0.34038932028507607,0.34038932028507607,0.34038932028507607,0.34038932028507607,0.34038932028507607,0.34038932028507607,0.34038932028507607,0.340389320285076,5.551115123125783e-17
41,11.83029043674469,1.1161707589796077,0.956856369972229,0.26440842103115364,2061,38,2448,0.86,117,1,21,entropy,"{'n_estimators': 2061, 'min_samples_split': 38, 'min_samples_leaf': 2448, 'max_samples': 0.86, 'max_leaf_nodes': 117, 'max_features': 1, 'max_depth': 21, 'criterion': 'entropy'}",0.3403893202850761,0.3403893202850761,0.3403893202850761,0.3403893202850761,0.3403893202850761,0.3403893202850761,0.3403893202850761,0.3403893202850761,0.3403893202850761,0.3403893202850761,0.3403893202850762,5.551115123125783e-17,2,0.34038932028507607,0.34038932028507607,0.34038932028507607,0.34038932028507607,0.34038932028507607,0.34038932028507607,0.34038932028507607,0.34038932028507607,0.34038932028507607,0.34038932028507607,0.340389320285076,5.551115123125783e-17
42,12.880368947982788,1.5911184405342098,1.0560367345809936,0.3112525802414248,2321,399,400,0.81,285,1,62,entropy,"{'n_estimators': 2321, 'min_samples_split': 399, 'min_samples_leaf': 400, 'max_samples': 0.81, 'max_leaf_nodes': 285, 'max_features': 1, 'max_depth': 62, 'criterion': 'entropy'}",0.3403893202850761,0.3403893202850761,0.3403893202850761,0.3403893202850761,0.3403893202850761,0.3403893202850761,0.3403893202850761,0.3403893202850761,0.3403893202850761,0.3403893202850761,0.3403893202850762,5.551115123125783e-17,2,0.34038932028507607,0.34038932028507607,0.34038932028507607,0.34038932028507607,0.34038932028507607,0.34038932028507607,0.34038932028507607,0.34038932028507607,0.34038932028507607,0.34038932028507607,0.340389320285076,5.551115123125783e-17
43,12.562174725532532,1.1160410057946444,0.9437456607818604,0.2881445943444839,2141,405,485,0.85,135,1,296,gini,"{'n_estimators': 2141, 'min_samples_split': 405, 'min_samples_leaf': 485, 'max_samples': 0.85, 'max_leaf_nodes': 135, 'max_features': 1, 'max_depth': 296, 'criterion': 'gini'}",0.3403893202850761,0.3403893202850761,0.3403893202850761,0.3403893202850761,0.3403893202850761,0.3403893202850761,0.3403893202850761,0.3403893202850761,0.3403893202850761,0.3403893202850761,0.3403893202850762,5.551115123125783e-17,2,0.34038932028507607,0.34038932028507607,0.34038932028507607,0.34038932028507607,0.34038932028507607,0.34038932028507607,0.34038932028507607,0.34038932028507607,0.34038932028507607,0.34038932028507607,0.340389320285076,5.551115123125783e-17
44,10.581121325492859,1.7198788676825743,1.0364191770553588,0.3027377975084502,1961,129,3798,0.39,152,1,60,log_loss,"{'n_estimators': 1961, 'min_samples_split': 129, 'min_samples_leaf': 3798, 'max_samples': 0.39, 'max_leaf_nodes': 152, 'max_features': 1, 'max_depth': 60, 'criterion': 'log_loss'}",0.3403893202850761,0.3403893202850761,0.3403893202850761,0.3403893202850761,0.3403893202850761,0.3403893202850761,0.3403893202850761,0.3403893202850761,0.3403893202850761,0.3403893202850761,0.3403893202850762,5.551115123125783e-17,2,0.34038932028507607,0.34038932028507607,0.34038932028507607,0.34038932028507607,0.34038932028507607,0.34038932028507607,0.34038932028507607,0.34038932028507607,0.34038932028507607,0.34038932028507607,0.340389320285076,5.551115123125783e-17
45,11.59937505722046,1.598498454305326,0.9903026580810547,0.27033479936478794,2081,495,2177,0.37,209,1,253,gini,"{'n_estimators': 2081, 'min_samples_split': 495, 'min_samples_leaf': 2177, 'max_samples': 0.37, 'max_leaf_nodes': 209, 'max_features': 1, 'max_depth': 253, 'criterion': 'gini'}",0.3403893202850761,0.3403893202850761,0.3403893202850761,0.3403893202850761,0.3403893202850761,0.3403893202850761,0.3403893202850761,0.3403893202850761,0.3403893202850761,0.3403893202850761,0.3403893202850762,5.551115123125783e-17,2,0.34038932028507607,0.34038932028507607,0.34038932028507607,0.34038932028507607,0.34038932028507607,0.34038932028507607,0.34038932028507607,0.34038932028507607,0.34038932028507607,0.34038932028507607,0.340389320285076,5.551115123125783e-17
46,1.9048559188842773,0.26726024273783605,0.18427960872650145,0.06624961374095314,321,375,229,0.06999999999999999,221,1,112,entropy,"{'n_estimators': 321, 'min_samples_split': 375, 'min_samples_leaf': 229, 'max_samples': 0.06999999999999999, 'max_leaf_nodes': 221, 'max_features': 1, 'max_depth': 112, 'criterion': 'entropy'}",0.3403893202850761,0.3403893202850761,0.3403893202850761,0.3403893202850761,0.3403893202850761,0.3403893202850761,0.3403893202850761,0.3403893202850761,0.3403893202850761,0.3403893202850761,0.3403893202850762,5.551115123125783e-17,2,0.34038932028507607,0.34038932028507607,0.34038932028507607,0.34038932028507607,0.34038932028507607,0.34038932028507607,0.34038932028507607,0.34038932028507607,0.34038932028507607,0.34038932028507607,0.340389320285076,5.551115123125783e-17
47,5.875218367576599,0.5899503098838104,0.5470497131347656,0.15962599185994694,1081,292,2893,1.0,41,1,234,log_loss,"{'n_estimators': 1081, 'min_samples_split': 292, 'min_samples_leaf': 2893, 'max_samples': 1.0, 'max_leaf_nodes': 41, 'max_features': 1, 'max_depth': 234, 'criterion': 'log_loss'}",0.3403893202850761,0.3403893202850761,0.3403893202850761,0.3403893202850761,0.3403893202850761,0.3403893202850761,0.3403893202850761,0.3403893202850761,0.3403893202850761,0.3403893202850761,0.3403893202850762,5.551115123125783e-17,2,0.34038932028507607,0.34038932028507607,0.34038932028507607,0.34038932028507607,0.34038932028507607,0.34038932028507607,0.34038932028507607,0.34038932028507607,0.34038932028507607,0.34038932028507607,0.340389320285076,5.551115123125783e-17
48,12.453714656829835,1.5350417553223066,1.0752501487731934,0.22301286082859914,2201,171,3566,0.87,222,1,137,log_loss,"{'n_estimators': 2201, 'min_samples_split': 171, 'min_samples_leaf': 3566, 'max_samples': 0.87, 'max_leaf_nodes': 222, 'max_features': 1, 'max_depth': 137, 'criterion': 'log_loss'}",0.3403893202850761,0.3403893202850761,0.3403893202850761,0.3403893202850761,0.3403893202850761,0.3403893202850761,0.3403893202850761,0.3403893202850761,0.3403893202850761,0.3403893202850761,0.3403893202850762,5.551115123125783e-17,2,0.34038932028507607,0.34038932028507607,0.34038932028507607,0.34038932028507607,0.34038932028507607,0.34038932028507607,0.34038932028507607,0.34038932028507607,0.34038932028507607,0.34038932028507607,0.340389320285076,5.551115123125783e-17
49,2.285455274581909,0.5022396614027745,0.16945979595184327,0.04389170184210307,401,108,505,0.01,179,1,284,gini,"{'n_estimators': 401, 'min_samples_split': 108, 'min_samples_leaf': 505, 'max_samples': 0.01, 'max_leaf_nodes': 179, 'max_features': 1, 'max_depth': 284, 'criterion': 'gini'}",0.3403893202850761,0.3403893202850761,0.3403893202850761,0.3403893202850761,0.3403893202850761,0.32632482299935633,0.32632482299935633,0.32632482299935633,0.32632482299935633,0.32632482299935633,0.33335707164221623,0.007032248642859895,99,0.34038932028507607,0.34038932028507607,0.34038932028507607,0.34038932028507607,0.34038932028507607,0.32632482299935633,0.32632482299935633,0.32632482299935633,0.32632482299935633,0.32632482299935633,0.3333570716422162,0.007032248642859867
50,2.1961344718933105,0.2609015813772721,0.17601165771484376,0.04808451177387062,381,284,1617,0.88,23,1,188,log_loss,"{'n_estimators': 381, 'min_samples_split': 284, 'min_samples_leaf': 1617, 'max_samples': 0.88, 'max_leaf_nodes': 23, 'max_features': 1, 'max_depth': 188, 'criterion': 'log_loss'}",0.3403893202850761,0.3403893202850761,0.3403893202850761,0.3403893202850761,0.3403893202850761,0.3403893202850761,0.3403893202850761,0.3403893202850761,0.3403893202850761,0.3403893202850761,0.3403893202850762,5.551115123125783e-17,2,0.34038932028507607,0.34038932028507607,0.34038932028507607,0.34038932028507607,0.34038932028507607,0.34038932028507607,0.34038932028507607,0.34038932028507607,0.34038932028507607,0.34038932028507607,0.340389320285076,5.551115123125783e-17
51,5.187578392028809,0.6343889321388666,0.4349659442901611,0.1372744319513659,921,343,1451,0.31,95,1,197,entropy,"{'n_estimators': 921, 'min_samples_split': 343, 'min_samples_leaf': 1451, 'max_samples': 0.31, 'max_leaf_nodes': 95, 'max_features': 1, 'max_depth': 197, 'criterion': 'entropy'}",0.3403893202850761,0.3403893202850761,0.3403893202850761,0.3403893202850761,0.3403893202850761,0.3403893202850761,0.3403893202850761,0.3403893202850761,0.3403893202850761,0.3403893202850761,0.3403893202850762,5.551115123125783e-17,2,0.34038932028507607,0.34038932028507607,0.34038932028507607,0.34038932028507607,0.34038932028507607,0.34038932028507607,0.34038932028507607,0.34038932028507607,0.34038932028507607,0.34038932028507607,0.340389320285076,5.551115123125783e-17
52,5.412325739860535,0.8427377440858633,0.4380355358123779,0.10153597021519672,961,106,960,0.43,159,1,291,log_loss,"{'n_estimators': 961, 'min_samples_split': 106, 'min_samples_leaf': 960, 'max_samples': 0.43, 'max_leaf_nodes': 159, 'max_features': 1, 'max_depth': 291, 'criterion': 'log_loss'}",0.3403893202850761,0.3403893202850761,0.3403893202850761,0.3403893202850761,0.3403893202850761,0.3403893202850761,0.3403893202850761,0.3403893202850761,0.3403893202850761,0.3403893202850761,0.3403893202850762,5.551115123125783e-17,2,0.34038932028507607,0.34038932028507607,0.34038932028507607,0.34038932028507607,0.34038932028507607,0.34038932028507607,0.34038932028507607,0.34038932028507607,0.34038932028507607,0.34038932028507607,0.340389320285076,5.551115123125783e-17
53,6.532259368896485,1.3049570951221703,0.5485176086425781,0.13125080431867708,1141,154,1572,0.98,208,1,105,gini,"{'n_estimators': 1141, 'min_samples_split': 154, 'min_samples_leaf': 1572, 'max_samples': 0.98, 'max_leaf_nodes': 208, 'max_features': 1, 'max_depth': 105, 'criterion': 'gini'}",0.3403893202850761,0.3403893202850761,0.3403893202850761,0.3403893202850761,0.3403893202850761,0.3403893202850761,0.3403893202850761,0.3403893202850761,0.3403893202850761,0.3403893202850761,0.3403893202850762,5.551115123125783e-17,2,0.34038932028507607,0.34038932028507607,0.34038932028507607,0.34038932028507607,0.34038932028507607,0.34038932028507607,0.34038932028507607,0.34038932028507607,0.34038932028507607,0.34038932028507607,0.340389320285076,5.551115123125783e-17
54,11.113344383239745,1.8157121615442826,0.8963111162185669,0.2507005288799872,2001,391,1843,0.42000000000000004,5,1,277,entropy,"{'n_estimators': 2001, 'min_samples_split': 391, 'min_samples_leaf': 1843, 'max_samples': 0.42000000000000004, 'max_leaf_nodes': 5, 'max_features': 1, 'max_depth': 277, 'criterion': 'entropy'}",0.3403893202850761,0.3403893202850761,0.3403893202850761,0.3403893202850761,0.3403893202850761,0.3403893202850761,0.3403893202850761,0.3403893202850761,0.3403893202850761,0.3403893202850761,0.3403893202850762,5.551115123125783e-17,2,0.34038932028507607,0.34038932028507607,0.34038932028507607,0.34038932028507607,0.34038932028507607,0.34038932028507607,0.34038932028507607,0.34038932028507607,0.34038932028507607,0.34038932028507607,0.340389320285076,5.551115123125783e-17
55,3.2086207628250123,1.03085694132777,0.28409228324890134,0.11689459295122272,581,49,2702,0.9400000000000001,220,1,131,gini,"{'n_estimators': 581, 'min_samples_split': 49, 'min_samples_leaf': 2702, 'max_samples': 0.9400000000000001, 'max_leaf_nodes': 220, 'max_features': 1, 'max_depth': 131, 'criterion': 'gini'}",0.3403893202850761,0.3403893202850761,0.3403893202850761,0.3403893202850761,0.3403893202850761,0.3403893202850761,0.3403893202850761,0.3403893202850761,0.3403893202850761,0.3403893202850761,0.3403893202850762,5.551115123125783e-17,2,0.34038932028507607,0.34038932028507607,0.34038932028507607,0.34038932028507607,0.34038932028507607,0.34038932028507607,0.34038932028507607,0.34038932028507607,0.34038932028507607,0.34038932028507607,0.340389320285076,5.551115123125783e-17
56,8.208064603805543,1.0606123131673628,0.7441647052764893,0.30559733261137256,1521,155,1421,0.55,265,1,237,gini,"{'n_estimators': 1521, 'min_samples_split': 155, 'min_samples_leaf': 1421, 'max_samples': 0.55, 'max_leaf_nodes': 265, 'max_features': 1, 'max_depth': 237, 'criterion': 'gini'}",0.3403893202850761,0.3403893202850761,0.3403893202850761,0.3403893202850761,0.3403893202850761,0.3403893202850761,0.3403893202850761,0.3403893202850761,0.3403893202850761,0.3403893202850761,0.3403893202850762,5.551115123125783e-17,2,0.34038932028507607,0.34038932028507607,0.34038932028507607,0.34038932028507607,0.34038932028507607,0.34038932028507607,0.34038932028507607,0.34038932028507607,0.34038932028507607,0.34038932028507607,0.340389320285076,5.551115123125783e-17
57,3.4063612461090087,0.8669260873494781,0.2725538730621338,0.07993876204913902,581,253,1853,0.73,162,1,4,entropy,"{'n_estimators': 581, 'min_samples_split': 253, 'min_samples_leaf': 1853, 'max_samples': 0.73, 'max_leaf_nodes': 162, 'max_features': 1, 'max_depth': 4, 'criterion': 'entropy'}",0.3403893202850761,0.3403893202850761,0.3403893202850761,0.3403893202850761,0.3403893202850761,0.3403893202850761,0.3403893202850761,0.3403893202850761,0.3403893202850761,0.3403893202850761,0.3403893202850762,5.551115123125783e-17,2,0.34038932028507607,0.34038932028507607,0.34038932028507607,0.34038932028507607,0.34038932028507607,0.34038932028507607,0.34038932028507607,0.34038932028507607,0.34038932028507607,0.34038932028507607,0.340389320285076,5.551115123125783e-17
58,6.759533476829529,0.6994030904210706,0.5640186786651611,0.1324769289228064,1221,406,577,0.65,248,1,212,entropy,"{'n_estimators': 1221, 'min_samples_split': 406, 'min_samples_leaf': 577, 'max_samples': 0.65, 'max_leaf_nodes': 248, 'max_features': 1, 'max_depth': 212, 'criterion': 'entropy'}",0.3403893202850761,0.3403893202850761,0.3403893202850761,0.3403893202850761,0.3403893202850761,0.3403893202850761,0.3403893202850761,0.3403893202850761,0.3403893202850761,0.3403893202850761,0.3403893202850762,5.551115123125783e-17,2,0.34038932028507607,0.34038932028507607,0.34038932028507607,0.34038932028507607,0.34038932028507607,0.34038932028507607,0.34038932028507607,0.34038932028507607,0.34038932028507607,0.34038932028507607,0.340389320285076,5.551115123125783e-17
59,8.381728625297546,1.1052176902065722,0.7549198865890503,0.24356757856439668,1481,227,3695,0.34,91,1,149,entropy,"{'n_estimators': 1481, 'min_samples_split': 227, 'min_samples_leaf': 3695, 'max_samples': 0.34, 'max_leaf_nodes': 91, 'max_features': 1, 'max_depth': 149, 'criterion': 'entropy'}",0.3403893202850761,0.3403893202850761,0.3403893202850761,0.3403893202850761,0.3403893202850761,0.3403893202850761,0.3403893202850761,0.3403893202850761,0.3403893202850761,0.3403893202850761,0.3403893202850762,5.551115123125783e-17,2,0.34038932028507607,0.34038932028507607,0.34038932028507607,0.34038932028507607,0.34038932028507607,0.34038932028507607,0.34038932028507607,0.34038932028507607,0.34038932028507607,0.34038932028507607,0.340389320285076,5.551115123125783e-17
60,3.09526846408844,0.6464219354520702,0.3015135288238525,0.11886801442872144,561,582,3566,0.93,57,1,190,entropy,"{'n_estimators': 561, 'min_samples_split': 582, 'min_samples_leaf': 3566, 'max_samples': 0.93, 'max_leaf_nodes': 57, 'max_features': 1, 'max_depth': 190, 'criterion': 'entropy'}",0.3403893202850761,0.3403893202850761,0.3403893202850761,0.3403893202850761,0.3403893202850761,0.3403893202850761,0.3403893202850761,0.3403893202850761,0.3403893202850761,0.3403893202850761,0.3403893202850762,5.551115123125783e-17,2,0.34038932028507607,0.34038932028507607,0.34038932028507607,0.34038932028507607,0.34038932028507607,0.34038932028507607,0.34038932028507607,0.34038932028507607,0.34038932028507607,0.34038932028507607,0.340389320285076,5.551115123125783e-17
61,0.6130623817443848,0.22795613654699998,0.05458335876464844,0.01994184083907872,101,278,1818,0.77,256,1,226,entropy,"{'n_estimators': 101, 'min_samples_split': 278, 'min_samples_leaf': 1818, 'max_samples': 0.77, 'max_leaf_nodes': 256, 'max_features': 1, 'max_depth': 226, 'criterion': 'entropy'}",0.3403893202850761,0.3403893202850761,0.3403893202850761,0.3403893202850761,0.3403893202850761,0.3403893202850761,0.3403893202850761,0.3403893202850761,0.3403893202850761,0.3403893202850761,0.3403893202850762,5.551115123125783e-17,2,0.34038932028507607,0.34038932028507607,0.34038932028507607,0.34038932028507607,0.34038932028507607,0.34038932028507607,0.34038932028507607,0.34038932028507607,0.34038932028507607,0.34038932028507607,0.340389320285076,5.551115123125783e-17
62,13.336337399482726,1.790595485875487,1.1230342864990235,0.32244934270261416,2321,477,2361,0.42000000000000004,37,1,263,gini,"{'n_estimators': 2321, 'min_samples_split': 477, 'min_samples_leaf': 2361, 'max_samples': 0.42000000000000004, 'max_leaf_nodes': 37, 'max_features': 1, 'max_depth': 263, 'criterion': 'gini'}",0.3403893202850761,0.3403893202850761,0.3403893202850761,0.3403893202850761,0.3403893202850761,0.3403893202850761,0.3403893202850761,0.3403893202850761,0.3403893202850761,0.3403893202850761,0.3403893202850762,5.551115123125783e-17,2,0.34038932028507607,0.34038932028507607,0.34038932028507607,0.34038932028507607,0.34038932028507607,0.34038932028507607,0.34038932028507607,0.34038932028507607,0.34038932028507607,0.34038932028507607,0.340389320285076,5.551115123125783e-17
63,1.541848611831665,0.4018448271713238,0.1277010679244995,0.03202532987723063,261,418,482,0.67,253,1,166,gini,"{'n_estimators': 261, 'min_samples_split': 418, 'min_samples_leaf': 482, 'max_samples': 0.67, 'max_leaf_nodes': 253, 'max_features': 1, 'max_depth': 166, 'criterion': 'gini'}",0.3403893202850761,0.3403893202850761,0.3403893202850761,0.3403893202850761,0.3403893202850761,0.3403893202850761,0.3403893202850761,0.3403893202850761,0.3403893202850761,0.3403893202850761,0.3403893202850762,5.551115123125783e-17,2,0.34038932028507607,0.34038932028507607,0.34038932028507607,0.34038932028507607,0.34038932028507607,0.34038932028507607,0.34038932028507607,0.34038932028507607,0.34038932028507607,0.34038932028507607,0.340389320285076,5.551115123125783e-17
64,5.69092891216278,1.0573064382950161,0.5278472900390625,0.1481137565434481,1001,360,2146,0.76,220,1,244,entropy,"{'n_estimators': 1001, 'min_samples_split': 360, 'min_samples_leaf': 2146, 'max_samples': 0.76, 'max_leaf_nodes': 220, 'max_features': 1, 'max_depth': 244, 'criterion': 'entropy'}",0.3403893202850761,0.3403893202850761,0.3403893202850761,0.3403893202850761,0.3403893202850761,0.3403893202850761,0.3403893202850761,0.3403893202850761,0.3403893202850761,0.3403893202850761,0.3403893202850762,5.551115123125783e-17,2,0.34038932028507607,0.34038932028507607,0.34038932028507607,0.34038932028507607,0.34038932028507607,0.34038932028507607,0.34038932028507607,0.34038932028507607,0.34038932028507607,0.34038932028507607,0.340389320285076,5.551115123125783e-17
65,5.328072118759155,0.9072253234696106,0.44191689491271974,0.10615575536996692,981,503,1505,0.01,215,1,236,gini,"{'n_estimators': 981, 'min_samples_split': 503, 'min_samples_leaf': 1505, 'max_samples': 0.01, 'max_leaf_nodes': 215, 'max_features': 1, 'max_depth': 236, 'criterion': 'gini'}",0.3403893202850761,0.3403893202850761,0.32632482299935633,0.32632482299935633,0.32632482299935633,0.32632482299935633,0.32632482299935633,0.32632482299935633,0.32632482299935633,0.32632482299935633,0.3291377224565003,0.005625798914287916,100,0.34038932028507607,0.34038932028507607,0.32632482299935633,0.32632482299935633,0.32632482299935633,0.32632482299935633,0.32632482299935633,0.32632482299935633,0.32632482299935633,0.32632482299935633,0.3291377224565003,0.005625798914287894
66,4.196202301979065,1.2153277013115662,0.3165070295333862,0.11040382620146305,721,136,197,0.9,17,1,234,entropy,"{'n_estimators': 721, 'min_samples_split': 136, 'min_samples_leaf': 197, 'max_samples': 0.9, 'max_leaf_nodes': 17, 'max_features': 1, 'max_depth': 234, 'criterion': 'entropy'}",0.6956175557758243,0.6883974583479262,0.669827150839809,0.7088607594936711,0.784741122293865,0.643165538219998,0.6582278481012658,0.5656045395024006,0.5948068808828302,0.7082995272228153,0.6717548380680405,0.05875167039460977,1,0.6796519248223396,0.6811151114948584,0.6801933048536906,0.6788214080516881,0.667208798453196,0.6840362856196749,0.6887167197968308,0.6830109849871383,0.6883149885180475,0.6755729718416306,0.6806642498439095,0.005933549382663495
67,3.824670696258545,1.1944088512033315,0.2819314479827881,0.08398628509115302,661,352,935,0.12,44,1,140,entropy,"{'n_estimators': 661, 'min_samples_split': 352, 'min_samples_leaf': 935, 'max_samples': 0.12, 'max_leaf_nodes': 44, 'max_features': 1, 'max_depth': 140, 'criterion': 'entropy'}",0.3403893202850761,0.3403893202850761,0.3403893202850761,0.3403893202850761,0.3403893202850761,0.3403893202850761,0.3403893202850761,0.3403893202850761,0.3403893202850761,0.3403893202850761,0.3403893202850762,5.551115123125783e-17,2,0.34038932028507607,0.34038932028507607,0.34038932028507607,0.34038932028507607,0.34038932028507607,0.34038932028507607,0.34038932028507607,0.34038932028507607,0.34038932028507607,0.34038932028507607,0.340389320285076,5.551115123125783e-17
68,0.8638331651687622,0.11859428245290178,0.08550088405609131,0.026397791517649247,161,410,562,0.78,183,1,42,log_loss,"{'n_estimators': 161, 'min_samples_split': 410, 'min_samples_leaf': 562, 'max_samples': 0.78, 'max_leaf_nodes': 183, 'max_features': 1, 'max_depth': 42, 'criterion': 'log_loss'}",0.3403893202850761,0.3403893202850761,0.3403893202850761,0.3403893202850761,0.3403893202850761,0.3403893202850761,0.3403893202850761,0.3403893202850761,0.3403893202850761,0.3403893202850761,0.3403893202850762,5.551115123125783e-17,2,0.34038932028507607,0.34038932028507607,0.34038932028507607,0.34038932028507607,0.34038932028507607,0.34038932028507607,0.34038932028507607,0.34038932028507607,0.34038932028507607,0.34038932028507607,0.340389320285076,5.551115123125783e-17
69,2.942660021781921,0.6796058284757193,0.22050325870513915,0.06994352134403352,501,170,3703,0.44,78,1,234,entropy,"{'n_estimators': 501, 'min_samples_split': 170, 'min_samples_leaf': 3703, 'max_samples': 0.44, 'max_leaf_nodes': 78, 'max_features': 1, 'max_depth': 234, 'criterion': 'entropy'}",0.3403893202850761,0.3403893202850761,0.3403893202850761,0.3403893202850761,0.3403893202850761,0.3403893202850761,0.3403893202850761,0.3403893202850761,0.3403893202850761,0.3403893202850761,0.3403893202850762,5.551115123125783e-17,2,0.34038932028507607,0.34038932028507607,0.34038932028507607,0.34038932028507607,0.34038932028507607,0.34038932028507607,0.34038932028507607,0.34038932028507607,0.34038932028507607,0.34038932028507607,0.340389320285076,5.551115123125783e-17
70,5.85114688873291,1.2001341423584453,0.446326756477356,0.14070291306041982,1061,160,748,0.04,129,1,223,gini,"{'n_estimators': 1061, 'min_samples_split': 160, 'min_samples_leaf': 748, 'max_samples': 0.04, 'max_leaf_nodes': 129, 'max_features': 1, 'max_depth': 223, 'criterion': 'gini'}",0.3403893202850761,0.3403893202850761,0.3403893202850761,0.3403893202850761,0.3403893202850761,0.3403893202850761,0.3403893202850761,0.3403893202850761,0.3403893202850761,0.3403893202850761,0.3403893202850762,5.551115123125783e-17,2,0.34038932028507607,0.34038932028507607,0.34038932028507607,0.34038932028507607,0.34038932028507607,0.34038932028507607,0.34038932028507607,0.34038932028507607,0.34038932028507607,0.34038932028507607,0.340389320285076,5.551115123125783e-17
71,9.528856301307679,1.5810313067016557,0.8508934020996094,0.3350508559088082,1661,116,3303,0.13,51,1,60,log_loss,"{'n_estimators': 1661, 'min_samples_split': 116, 'min_samples_leaf': 3303, 'max_samples': 0.13, 'max_leaf_nodes': 51, 'max_features': 1, 'max_depth': 60, 'criterion': 'log_loss'}",0.3403893202850761,0.3403893202850761,0.3403893202850761,0.3403893202850761,0.3403893202850761,0.3403893202850761,0.3403893202850761,0.3403893202850761,0.3403893202850761,0.3403893202850761,0.3403893202850762,5.551115123125783e-17,2,0.34038932028507607,0.34038932028507607,0.34038932028507607,0.34038932028507607,0.34038932028507607,0.34038932028507607,0.34038932028507607,0.34038932028507607,0.34038932028507607,0.34038932028507607,0.340389320285076,5.551115123125783e-17
72,13.387999558448792,2.132028028591851,1.2324891328811645,0.31952060920254255,2361,211,1751,0.85,120,1,238,log_loss,"{'n_estimators': 2361, 'min_samples_split': 211, 'min_samples_leaf': 1751, 'max_samples': 0.85, 'max_leaf_nodes': 120, 'max_features': 1, 'max_depth': 238, 'criterion': 'log_loss'}",0.3403893202850761,0.3403893202850761,0.3403893202850761,0.3403893202850761,0.3403893202850761,0.3403893202850761,0.3403893202850761,0.3403893202850761,0.3403893202850761,0.3403893202850761,0.3403893202850762,5.551115123125783e-17,2,0.34038932028507607,0.34038932028507607,0.34038932028507607,0.34038932028507607,0.34038932028507607,0.34038932028507607,0.34038932028507607,0.34038932028507607,0.34038932028507607,0.34038932028507607,0.340389320285076,5.551115123125783e-17
73,1.1771313905715943,0.27348521460895875,0.1079094648361206,0.03610617232321184,241,319,3213,0.8300000000000001,218,1,12,gini,"{'n_estimators': 241, 'min_samples_split': 319, 'min_samples_leaf': 3213, 'max_samples': 0.8300000000000001, 'max_leaf_nodes': 218, 'max_features': 1, 'max_depth': 12, 'criterion': 'gini'}",0.3403893202850761,0.3403893202850761,0.3403893202850761,0.3403893202850761,0.3403893202850761,0.3403893202850761,0.3403893202850761,0.3403893202850761,0.3403893202850761,0.3403893202850761,0.3403893202850762,5.551115123125783e-17,2,0.34038932028507607,0.34038932028507607,0.34038932028507607,0.34038932028507607,0.34038932028507607,0.34038932028507607,0.34038932028507607,0.34038932028507607,0.34038932028507607,0.34038932028507607,0.340389320285076,5.551115123125783e-17
74,10.710597920417786,1.9548175182347716,0.9090801239013672,0.22340678488596183,1921,140,3089,0.41000000000000003,258,1,278,gini,"{'n_estimators': 1921, 'min_samples_split': 140, 'min_samples_leaf': 3089, 'max_samples': 0.41000000000000003, 'max_leaf_nodes': 258, 'max_features': 1, 'max_depth': 278, 'criterion': 'gini'}",0.3403893202850761,0.3403893202850761,0.3403893202850761,0.3403893202850761,0.3403893202850761,0.3403893202850761,0.3403893202850761,0.3403893202850761,0.3403893202850761,0.3403893202850761,0.3403893202850762,5.551115123125783e-17,2,0.34038932028507607,0.34038932028507607,0.34038932028507607,0.34038932028507607,0.34038932028507607,0.34038932028507607,0.34038932028507607,0.34038932028507607,0.34038932028507607,0.34038932028507607,0.340389320285076,5.551115123125783e-17
75,12.994180297851562,2.222896904623004,1.2145731925964356,0.429763558119767,2321,500,1614,0.33,121,1,240,entropy,"{'n_estimators': 2321, 'min_samples_split': 500, 'min_samples_leaf': 1614, 'max_samples': 0.33, 'max_leaf_nodes': 121, 'max_features': 1, 'max_depth': 240, 'criterion': 'entropy'}",0.3403893202850761,0.3403893202850761,0.3403893202850761,0.3403893202850761,0.3403893202850761,0.3403893202850761,0.3403893202850761,0.3403893202850761,0.3403893202850761,0.3403893202850761,0.3403893202850762,5.551115123125783e-17,2,0.34038932028507607,0.34038932028507607,0.34038932028507607,0.34038932028507607,0.34038932028507607,0.34038932028507607,0.34038932028507607,0.34038932028507607,0.34038932028507607,0.34038932028507607,0.340389320285076,5.551115123125783e-17
76,0.09575765132904053,0.0010022526051789154,0.015284299850463867,0.0003872274748779796,21,494,1272,0.34,84,1,207,log_loss,"{'n_estimators': 21, 'min_samples_split': 494, 'min_samples_leaf': 1272, 'max_samples': 0.34, 'max_leaf_nodes': 84, 'max_features': 1, 'max_depth': 207, 'criterion': 'log_loss'}",0.3403893202850761,0.3403893202850761,0.3403893202850761,0.3403893202850761,0.3403893202850761,0.3403893202850761,0.3403893202850761,0.3403893202850761,0.3403893202850761,0.3403893202850761,0.3403893202850762,5.551115123125783e-17,2,0.34038932028507607,0.34038932028507607,0.34038932028507607,0.34038932028507607,0.34038932028507607,0.34038932028507607,0.34038932028507607,0.34038932028507607,0.34038932028507607,0.34038932028507607,0.340389320285076,5.551115123125783e-17
77,9.36931414604187,1.3684241871501166,0.780689024925232,0.18605379085643584,1661,396,1086,0.35000000000000003,129,1,170,log_loss,"{'n_estimators': 1661, 'min_samples_split': 396, 'min_samples_leaf': 1086, 'max_samples': 0.35000000000000003, 'max_leaf_nodes': 129, 'max_features': 1, 'max_depth': 170, 'criterion': 'log_loss'}",0.3403893202850761,0.3403893202850761,0.3403893202850761,0.3403893202850761,0.3403893202850761,0.3403893202850761,0.3403893202850761,0.3403893202850761,0.3403893202850761,0.3403893202850761,0.3403893202850762,5.551115123125783e-17,2,0.34038932028507607,0.34038932028507607,0.34038932028507607,0.34038932028507607,0.34038932028507607,0.34038932028507607,0.34038932028507607,0.34038932028507607,0.34038932028507607,0.34038932028507607,0.340389320285076,5.551115123125783e-17
78,4.667794275283813,0.6278503669930998,0.41409494876861574,0.17741092809533643,841,325,198,0.6,245,1,126,log_loss,"{'n_estimators': 841, 'min_samples_split': 325, 'min_samples_leaf': 198, 'max_samples': 0.6, 'max_leaf_nodes': 245, 'max_features': 1, 'max_depth': 126, 'criterion': 'log_loss'}",0.3403893202850761,0.3403893202850761,0.3403893202850761,0.3403893202850761,0.3403893202850761,0.3403893202850761,0.3403893202850761,0.3403893202850761,0.3403893202850761,0.3403893202850761,0.3403893202850762,5.551115123125783e-17,2,0.34038932028507607,0.34038932028507607,0.34038932028507607,0.34038932028507607,0.34038932028507607,0.34038932028507607,0.34038932028507607,0.34038932028507607,0.34038932028507607,0.34038932028507607,0.340389320285076,5.551115123125783e-17
79,2.9058865785598753,0.5715376304630725,0.2903156757354736,0.11404425911188534,501,232,225,0.34,86,1,124,log_loss,"{'n_estimators': 501, 'min_samples_split': 232, 'min_samples_leaf': 225, 'max_samples': 0.34, 'max_leaf_nodes': 86, 'max_features': 1, 'max_depth': 124, 'criterion': 'log_loss'}",0.3403893202850761,0.3403893202850761,0.3403893202850761,0.3403893202850761,0.3403893202850761,0.3403893202850761,0.3403893202850761,0.3403893202850761,0.3403893202850761,0.3403893202850761,0.3403893202850762,5.551115123125783e-17,2,0.34038932028507607,0.34038932028507607,0.34038932028507607,0.34038932028507607,0.34038932028507607,0.34038932028507607,0.34038932028507607,0.34038932028507607,0.34038932028507607,0.34038932028507607,0.340389320285076,5.551115123125783e-17
80,7.551304817199707,0.7698122161807947,0.6873721837997436,0.22592456413540957,1361,331,1611,0.79,200,1,231,gini,"{'n_estimators': 1361, 'min_samples_split': 331, 'min_samples_leaf': 1611, 'max_samples': 0.79, 'max_leaf_nodes': 200, 'max_features': 1, 'max_depth': 231, 'criterion': 'gini'}",0.3403893202850761,0.3403893202850761,0.3403893202850761,0.3403893202850761,0.3403893202850761,0.3403893202850761,0.3403893202850761,0.3403893202850761,0.3403893202850761,0.3403893202850761,0.3403893202850762,5.551115123125783e-17,2,0.34038932028507607,0.34038932028507607,0.34038932028507607,0.34038932028507607,0.34038932028507607,0.34038932028507607,0.34038932028507607,0.34038932028507607,0.34038932028507607,0.34038932028507607,0.340389320285076,5.551115123125783e-17
81,5.69487361907959,0.9824287755450273,0.4701186418533325,0.1587293988029059,1001,271,2691,0.45,141,1,250,entropy,"{'n_estimators': 1001, 'min_samples_split': 271, 'min_samples_leaf': 2691, 'max_samples': 0.45, 'max_leaf_nodes': 141, 'max_features': 1, 'max_depth': 250, 'criterion': 'entropy'}",0.3403893202850761,0.3403893202850761,0.3403893202850761,0.3403893202850761,0.3403893202850761,0.3403893202850761,0.3403893202850761,0.3403893202850761,0.3403893202850761,0.3403893202850761,0.3403893202850762,5.551115123125783e-17,2,0.34038932028507607,0.34038932028507607,0.34038932028507607,0.34038932028507607,0.34038932028507607,0.34038932028507607,0.34038932028507607,0.34038932028507607,0.34038932028507607,0.34038932028507607,0.340389320285076,5.551115123125783e-17
82,7.660017967224121,1.4100591732378887,0.5802343606948852,0.16005144807899138,1321,601,423,0.79,101,1,118,entropy,"{'n_estimators': 1321, 'min_samples_split': 601, 'min_samples_leaf': 423, 'max_samples': 0.79, 'max_leaf_nodes': 101, 'max_features': 1, 'max_depth': 118, 'criterion': 'entropy'}",0.3403893202850761,0.3403893202850761,0.3403893202850761,0.3403893202850761,0.3403893202850761,0.3403893202850761,0.3403893202850761,0.3403893202850761,0.3403893202850761,0.3403893202850761,0.3403893202850762,5.551115123125783e-17,2,0.34038932028507607,0.34038932028507607,0.34038932028507607,0.34038932028507607,0.34038932028507607,0.34038932028507607,0.34038932028507607,0.34038932028507607,0.34038932028507607,0.34038932028507607,0.340389320285076,5.551115123125783e-17
83,10.18306632041931,1.8600684534063794,0.9072986602783203,0.2558695775701139,1881,518,13,0.27,164,1,238,entropy,"{'n_estimators': 1881, 'min_samples_split': 518, 'min_samples_leaf': 13, 'max_samples': 0.27, 'max_leaf_nodes': 164, 'max_features': 1, 'max_depth': 238, 'criterion': 'entropy'}",0.3403893202850761,0.3403893202850761,0.3403893202850761,0.3403893202850761,0.3403893202850761,0.3403893202850761,0.3403893202850761,0.3403893202850761,0.3403893202850761,0.3403893202850761,0.3403893202850762,5.551115123125783e-17,2,0.34038932028507607,0.34038932028507607,0.34038932028507607,0.34038932028507607,0.34038932028507607,0.34038932028507607,0.34038932028507607,0.34038932028507607,0.34038932028507607,0.34038932028507607,0.340389320285076,5.551115123125783e-17
84,4.292581224441529,1.1617032189695782,0.3524658441543579,0.10486747102468374,721,25,397,0.99,126,1,258,log_loss,"{'n_estimators': 721, 'min_samples_split': 25, 'min_samples_leaf': 397, 'max_samples': 0.99, 'max_leaf_nodes': 126, 'max_features': 1, 'max_depth': 258, 'criterion': 'log_loss'}",0.3403893202850761,0.3403893202850761,0.3403893202850761,0.3403893202850761,0.3403893202850761,0.3403893202850761,0.3403893202850761,0.3403893202850761,0.3403893202850761,0.3403893202850761,0.3403893202850762,5.551115123125783e-17,2,0.34038932028507607,0.34038932028507607,0.34038932028507607,0.34038932028507607,0.34038932028507607,0.34038932028507607,0.34038932028507607,0.34038932028507607,0.34038932028507607,0.34038932028507607,0.340389320285076,5.551115123125783e-17
85,6.024003028869629,1.3238452126884173,0.45228090286254885,0.17908720689928428,1061,339,334,0.47000000000000003,115,1,129,entropy,"{'n_estimators': 1061, 'min_samples_split': 339, 'min_samples_leaf': 334, 'max_samples': 0.47000000000000003, 'max_leaf_nodes': 115, 'max_features': 1, 'max_depth': 129, 'criterion': 'entropy'}",0.3403893202850761,0.3403893202850761,0.3403893202850761,0.3403893202850761,0.3403893202850761,0.3403893202850761,0.3403893202850761,0.3403893202850761,0.3403893202850761,0.3403893202850761,0.3403893202850762,5.551115123125783e-17,2,0.34038932028507607,0.34038932028507607,0.34038932028507607,0.34038932028507607,0.34038932028507607,0.34038932028507607,0.34038932028507607,0.34038932028507607,0.34038932028507607,0.34038932028507607,0.340389320285076,5.551115123125783e-17
86,12.292069172859192,2.874556235519019,0.9253144502639771,0.30014255363867615,2101,21,766,1.0,180,1,121,gini,"{'n_estimators': 2101, 'min_samples_split': 21, 'min_samples_leaf': 766, 'max_samples': 1.0, 'max_leaf_nodes': 180, 'max_features': 1, 'max_depth': 121, 'criterion': 'gini'}",0.3403893202850761,0.3403893202850761,0.3403893202850761,0.3403893202850761,0.3403893202850761,0.3403893202850761,0.3403893202850761,0.3403893202850761,0.3403893202850761,0.3403893202850761,0.3403893202850762,5.551115123125783e-17,2,0.34038932028507607,0.34038932028507607,0.34038932028507607,0.34038932028507607,0.34038932028507607,0.34038932028507607,0.34038932028507607,0.34038932028507607,0.34038932028507607,0.34038932028507607,0.340389320285076,5.551115123125783e-17
87,8.153200173377991,1.3470119247032677,0.6952566385269165,0.2006411367719188,1521,199,2765,0.85,123,1,289,log_loss,"{'n_estimators': 1521, 'min_samples_split': 199, 'min_samples_leaf': 2765, 'max_samples': 0.85, 'max_leaf_nodes': 123, 'max_features': 1, 'max_depth': 289, 'criterion': 'log_loss'}",0.3403893202850761,0.3403893202850761,0.3403893202850761,0.3403893202850761,0.3403893202850761,0.3403893202850761,0.3403893202850761,0.3403893202850761,0.3403893202850761,0.3403893202850761,0.3403893202850762,5.551115123125783e-17,2,0.34038932028507607,0.34038932028507607,0.34038932028507607,0.34038932028507607,0.34038932028507607,0.34038932028507607,0.34038932028507607,0.34038932028507607,0.34038932028507607,0.34038932028507607,0.340389320285076,5.551115123125783e-17
88,1.2500836610794068,0.3776761954204533,0.1120290994644165,0.04307586372503261,201,584,618,0.86,143,1,272,log_loss,"{'n_estimators': 201, 'min_samples_split': 584, 'min_samples_leaf': 618, 'max_samples': 0.86, 'max_leaf_nodes': 143, 'max_features': 1, 'max_depth': 272, 'criterion': 'log_loss'}",0.3403893202850761,0.3403893202850761,0.3403893202850761,0.3403893202850761,0.3403893202850761,0.3403893202850761,0.3403893202850761,0.3403893202850761,0.3403893202850761,0.3403893202850761,0.3403893202850762,5.551115123125783e-17,2,0.34038932028507607,0.34038932028507607,0.34038932028507607,0.34038932028507607,0.34038932028507607,0.34038932028507607,0.34038932028507607,0.34038932028507607,0.34038932028507607,0.34038932028507607,0.340389320285076,5.551115123125783e-17
89,1.8355698347091676,0.3310422510661767,0.1550429105758667,0.060004816122489146,321,557,534,0.9600000000000001,107,1,113,entropy,"{'n_estimators': 321, 'min_samples_split': 557, 'min_samples_leaf': 534, 'max_samples': 0.9600000000000001, 'max_leaf_nodes': 107, 'max_features': 1, 'max_depth': 113, 'criterion': 'entropy'}",0.3403893202850761,0.3403893202850761,0.3403893202850761,0.3403893202850761,0.3403893202850761,0.3403893202850761,0.3403893202850761,0.3403893202850761,0.3403893202850761,0.3403893202850761,0.3403893202850762,5.551115123125783e-17,2,0.34038932028507607,0.34038932028507607,0.34038932028507607,0.34038932028507607,0.34038932028507607,0.34038932028507607,0.34038932028507607,0.34038932028507607,0.34038932028507607,0.34038932028507607,0.340389320285076,5.551115123125783e-17
90,3.6445661306381227,1.155049352512376,0.31436643600463865,0.12328412274336795,641,97,504,0.91,252,1,107,entropy,"{'n_estimators': 641, 'min_samples_split': 97, 'min_samples_leaf': 504, 'max_samples': 0.91, 'max_leaf_nodes': 252, 'max_features': 1, 'max_depth': 107, 'criterion': 'entropy'}",0.3403893202850761,0.3403893202850761,0.3403893202850761,0.3403893202850761,0.3403893202850761,0.3403893202850761,0.3403893202850761,0.3403893202850761,0.3403893202850761,0.3403893202850761,0.3403893202850762,5.551115123125783e-17,2,0.34038932028507607,0.34038932028507607,0.34038932028507607,0.34038932028507607,0.34038932028507607,0.34038932028507607,0.34038932028507607,0.34038932028507607,0.34038932028507607,0.34038932028507607,0.340389320285076,5.551115123125783e-17
91,7.569964647293091,1.6409519290843093,0.6322599411010742,0.2320090734934121,1321,456,2414,0.05,33,1,85,log_loss,"{'n_estimators': 1321, 'min_samples_split': 456, 'min_samples_leaf': 2414, 'max_samples': 0.05, 'max_leaf_nodes': 33, 'max_features': 1, 'max_depth': 85, 'criterion': 'log_loss'}",0.3403893202850761,0.3403893202850761,0.3403893202850761,0.3403893202850761,0.3403893202850761,0.3403893202850761,0.3403893202850761,0.3403893202850761,0.3403893202850761,0.3403893202850761,0.3403893202850762,5.551115123125783e-17,2,0.34038932028507607,0.34038932028507607,0.34038932028507607,0.34038932028507607,0.34038932028507607,0.34038932028507607,0.34038932028507607,0.34038932028507607,0.34038932028507607,0.34038932028507607,0.340389320285076,5.551115123125783e-17
92,13.024784755706786,2.0766390225099474,1.113761043548584,0.3304402148391726,2341,337,3272,0.04,219,1,76,log_loss,"{'n_estimators': 2341, 'min_samples_split': 337, 'min_samples_leaf': 3272, 'max_samples': 0.04, 'max_leaf_nodes': 219, 'max_features': 1, 'max_depth': 76, 'criterion': 'log_loss'}",0.3403893202850761,0.3403893202850761,0.3403893202850761,0.3403893202850761,0.3403893202850761,0.3403893202850761,0.3403893202850761,0.3403893202850761,0.3403893202850761,0.3403893202850761,0.3403893202850762,5.551115123125783e-17,2,0.34038932028507607,0.34038932028507607,0.34038932028507607,0.34038932028507607,0.34038932028507607,0.34038932028507607,0.34038932028507607,0.34038932028507607,0.34038932028507607,0.34038932028507607,0.340389320285076,5.551115123125783e-17
93,4.948529887199402,1.2828947577502252,0.39164509773254397,0.1697499072761803,841,211,294,0.32,238,1,38,log_loss,"{'n_estimators': 841, 'min_samples_split': 211, 'min_samples_leaf': 294, 'max_samples': 0.32, 'max_leaf_nodes': 238, 'max_features': 1, 'max_depth': 38, 'criterion': 'log_loss'}",0.3403893202850761,0.3403893202850761,0.3403893202850761,0.3403893202850761,0.3403893202850761,0.3403893202850761,0.3403893202850761,0.3403893202850761,0.3403893202850761,0.3403893202850761,0.3403893202850762,5.551115123125783e-17,2,0.34038932028507607,0.34038932028507607,0.34038932028507607,0.34038932028507607,0.34038932028507607,0.34038932028507607,0.34038932028507607,0.34038932028507607,0.34038932028507607,0.34038932028507607,0.340389320285076,5.551115123125783e-17
94,10.92201337814331,1.6325295576926393,0.8672059297561645,0.18459235905473106,1881,30,3675,0.39,131,1,100,entropy,"{'n_estimators': 1881, 'min_samples_split': 30, 'min_samples_leaf': 3675, 'max_samples': 0.39, 'max_leaf_nodes': 131, 'max_features': 1, 'max_depth': 100, 'criterion': 'entropy'}",0.3403893202850761,0.3403893202850761,0.3403893202850761,0.3403893202850761,0.3403893202850761,0.3403893202850761,0.3403893202850761,0.3403893202850761,0.3403893202850761,0.3403893202850761,0.3403893202850762,5.551115123125783e-17,2,0.34038932028507607,0.34038932028507607,0.34038932028507607,0.34038932028507607,0.34038932028507607,0.34038932028507607,0.34038932028507607,0.34038932028507607,0.34038932028507607,0.34038932028507607,0.340389320285076,5.551115123125783e-17
95,11.114478969573975,1.9939936386423411,0.9461280584335328,0.3276731038477676,1921,578,3675,0.92,247,1,184,entropy,"{'n_estimators': 1921, 'min_samples_split': 578, 'min_samples_leaf': 3675, 'max_samples': 0.92, 'max_leaf_nodes': 247, 'max_features': 1, 'max_depth': 184, 'criterion': 'entropy'}",0.3403893202850761,0.3403893202850761,0.3403893202850761,0.3403893202850761,0.3403893202850761,0.3403893202850761,0.3403893202850761,0.3403893202850761,0.3403893202850761,0.3403893202850761,0.3403893202850762,5.551115123125783e-17,2,0.34038932028507607,0.34038932028507607,0.34038932028507607,0.34038932028507607,0.34038932028507607,0.34038932028507607,0.34038932028507607,0.34038932028507607,0.34038932028507607,0.34038932028507607,0.340389320285076,5.551115123125783e-17
96,12.999168705940246,2.6261017761538983,1.11549711227417,0.3051157588679969,2301,33,945,1.0,50,1,214,entropy,"{'n_estimators': 2301, 'min_samples_split': 33, 'min_samples_leaf': 945, 'max_samples': 1.0, 'max_leaf_nodes': 50, 'max_features': 1, 'max_depth': 214, 'criterion': 'entropy'}",0.3403893202850761,0.3403893202850761,0.3403893202850761,0.3403893202850761,0.3403893202850761,0.3403893202850761,0.3403893202850761,0.3403893202850761,0.3403893202850761,0.3403893202850761,0.3403893202850762,5.551115123125783e-17,2,0.34038932028507607,0.34038932028507607,0.34038932028507607,0.34038932028507607,0.34038932028507607,0.34038932028507607,0.34038932028507607,0.34038932028507607,0.34038932028507607,0.34038932028507607,0.340389320285076,5.551115123125783e-17
97,7.226399302482605,1.316774760176071,0.5383865356445312,0.1443998380458967,1241,74,3049,0.8300000000000001,120,1,248,log_loss,"{'n_estimators': 1241, 'min_samples_split': 74, 'min_samples_leaf': 3049, 'max_samples': 0.8300000000000001, 'max_leaf_nodes': 120, 'max_features': 1, 'max_depth': 248, 'criterion': 'log_loss'}",0.3403893202850761,0.3403893202850761,0.3403893202850761,0.3403893202850761,0.3403893202850761,0.3403893202850761,0.3403893202850761,0.3403893202850761,0.3403893202850761,0.3403893202850761,0.3403893202850762,5.551115123125783e-17,2,0.34038932028507607,0.34038932028507607,0.34038932028507607,0.34038932028507607,0.34038932028507607,0.34038932028507607,0.34038932028507607,0.34038932028507607,0.34038932028507607,0.34038932028507607,0.340389320285076,5.551115123125783e-17
98,2.7900404214859007,0.569331208931159,0.23851487636566163,0.07530704198961807,521,112,410,0.15000000000000002,139,1,84,gini,"{'n_estimators': 521, 'min_samples_split': 112, 'min_samples_leaf': 410, 'max_samples': 0.15000000000000002, 'max_leaf_nodes': 139, 'max_features': 1, 'max_depth': 84, 'criterion': 'gini'}",0.3403893202850761,0.3403893202850761,0.3403893202850761,0.3403893202850761,0.3403893202850761,0.3403893202850761,0.3403893202850761,0.3403893202850761,0.3403893202850761,0.3403893202850761,0.3403893202850762,5.551115123125783e-17,2,0.34038932028507607,0.34038932028507607,0.34038932028507607,0.34038932028507607,0.34038932028507607,0.34038932028507607,0.34038932028507607,0.34038932028507607,0.34038932028507607,0.34038932028507607,0.340389320285076,5.551115123125783e-17
99,4.681480813026428,1.0577753218596886,0.3431891679763794,0.10769058154487254,841,569,1873,0.49,21,1,168,gini,"{'n_estimators': 841, 'min_samples_split': 569, 'min_samples_leaf': 1873, 'max_samples': 0.49, 'max_leaf_nodes': 21, 'max_features': 1, 'max_depth': 168, 'criterion': 'gini'}",0.3403893202850761,0.3403893202850761,0.3403893202850761,0.3403893202850761,0.3403893202850761,0.3403893202850761,0.3403893202850761,0.3403893202850761,0.3403893202850761,0.3403893202850761,0.3403893202850762,5.551115123125783e-17,2,0.34038932028507607,0.34038932028507607,0.34038932028507607,0.34038932028507607,0.34038932028507607,0.34038932028507607,0.34038932028507607,0.34038932028507607,0.34038932028507607,0.34038932028507607,0.340389320285076,5.551115123125783e-17
