,mean_fit_time,std_fit_time,mean_score_time,std_score_time,param_n_estimators,param_learning_rate,param_base_estimator,param_algorithm,params,split0_test_score,split1_test_score,split2_test_score,split3_test_score,split4_test_score,split5_test_score,split6_test_score,split7_test_score,split8_test_score,split9_test_score,mean_test_score,std_test_score,rank_test_score,split0_train_score,split1_train_score,split2_train_score,split3_train_score,split4_train_score,split5_train_score,split6_train_score,split7_train_score,split8_train_score,split9_train_score,mean_train_score,std_train_score
0,0.022091197967529296,0.0052164835714530525,0.007999229431152343,0.0035777161900775994,2940,0.8563311036789297,DecisionTreeClassifier(random_state=1),SAMME,"{'n_estimators': 2940, 'learning_rate': 0.8563311036789297, 'base_estimator': DecisionTreeClassifier(random_state=1), 'algorithm': 'SAMME'}",0.7088607594936711,0.8092085802588765,0.7848101265822786,0.7341772151898733,0.7079253723755783,0.7333231660820497,0.8224435742025641,0.8227280103862383,0.8079133904254862,0.772078870496592,0.7703469065493207,0.04352872130730147,1,1.0,1.0,1.0,1.0,1.0,1.0,1.0,1.0,1.0,1.0,1.0,0.0
1,23.681273937225342,1.40473923300961,1.2874609231948853,0.10381659816156022,2410,0.28499665551839465,LogisticRegression(random_state=1),SAMME.R,"{'n_estimators': 2410, 'learning_rate': 0.28499665551839465, 'base_estimator': LogisticRegression(random_state=1), 'algorithm': 'SAMME.R'}",0.6571297849626354,0.7165136096632746,0.6820143004314609,0.7717131668318683,0.7848101265822786,0.6275314909747515,0.658118253054962,0.5693588210977912,0.6708860759493671,0.7340919745983037,0.6872167604146693,0.06262446024800174,68,0.7041083767761068,0.6994090748332967,0.702231524834862,0.6966842674731039,0.6995058091710286,0.7123330291714067,0.697947429140764,0.7082242784738307,0.6993074910456504,0.702231524834862,0.7021982805754912,0.004631806030975079
2,34.91504542827606,0.1749987604082139,1.919250988960266,0.03106506488986611,3680,0.14466889632107022,LogisticRegression(random_state=1),SAMME.R,"{'n_estimators': 3680, 'learning_rate': 0.14466889632107022, 'base_estimator': LogisticRegression(random_state=1), 'algorithm': 'SAMME.R'}",0.6571297849626354,0.7165136096632746,0.6820143004314609,0.7717131668318683,0.7848101265822786,0.6275314909747515,0.658118253054962,0.5693588210977912,0.6708860759493671,0.7340919745983037,0.6872167604146693,0.06262446024800174,68,0.7041083767761068,0.6994090748332967,0.702231524834862,0.6966842674731039,0.6995058091710286,0.7123330291714067,0.697947429140764,0.7082242784738307,0.6993074910456504,0.702231524834862,0.7021982805754912,0.004631806030975079
3,23.527890729904176,0.17073644810197497,1.2988269567489623,0.03627125838290248,2480,0.2816555183946488,LogisticRegression(random_state=1),SAMME.R,"{'n_estimators': 2480, 'learning_rate': 0.2816555183946488, 'base_estimator': LogisticRegression(random_state=1), 'algorithm': 'SAMME.R'}",0.6571297849626354,0.7165136096632746,0.6820143004314609,0.7717131668318683,0.7848101265822786,0.6275314909747515,0.658118253054962,0.5693588210977912,0.6708860759493671,0.7340919745983037,0.6872167604146693,0.06262446024800174,68,0.7041083767761068,0.6994090748332967,0.702231524834862,0.6966842674731039,0.6995058091710286,0.7123330291714067,0.697947429140764,0.7082242784738307,0.6993074910456504,0.702231524834862,0.7021982805754912,0.004631806030975079
4,0.022377586364746092,0.004826047533527246,0.0063992500305175785,0.0031996252941794852,1480,0.482123745819398,DecisionTreeClassifier(random_state=1),SAMME.R,"{'n_estimators': 1480, 'learning_rate': 0.482123745819398, 'base_estimator': DecisionTreeClassifier(random_state=1), 'algorithm': 'SAMME.R'}",0.7088607594936711,0.8092085802588765,0.7848101265822786,0.7341772151898733,0.7079253723755783,0.7333231660820497,0.8224435742025641,0.8227280103862383,0.8079133904254862,0.772078870496592,0.7703469065493207,0.04352872130730147,1,1.0,1.0,1.0,1.0,1.0,1.0,1.0,1.0,1.0,1.0,1.0,0.0
5,0.022513103485107423,0.004655026307614904,0.005600953102111816,0.003666684680504823,4960,0.4888060200668896,DecisionTreeClassifier(random_state=1),SAMME,"{'n_estimators': 4960, 'learning_rate': 0.4888060200668896, 'base_estimator': DecisionTreeClassifier(random_state=1), 'algorithm': 'SAMME'}",0.7088607594936711,0.8092085802588765,0.7848101265822786,0.7341772151898733,0.7079253723755783,0.7333231660820497,0.8224435742025641,0.8227280103862383,0.8079133904254862,0.772078870496592,0.7703469065493207,0.04352872130730147,1,1.0,1.0,1.0,1.0,1.0,1.0,1.0,1.0,1.0,1.0,1.0,0.0
6,0.022035598754882812,0.003251405219752514,0.00859849452972412,0.004003577258496808,3190,0.7861672240802675,DecisionTreeClassifier(random_state=1),SAMME,"{'n_estimators': 3190, 'learning_rate': 0.7861672240802675, 'base_estimator': DecisionTreeClassifier(random_state=1), 'algorithm': 'SAMME'}",0.7088607594936711,0.8092085802588765,0.7848101265822786,0.7341772151898733,0.7079253723755783,0.7333231660820497,0.8224435742025641,0.8227280103862383,0.8079133904254862,0.772078870496592,0.7703469065493207,0.04352872130730147,1,1.0,1.0,1.0,1.0,1.0,1.0,1.0,1.0,1.0,1.0,1.0,0.0
7,0.020105457305908202,0.003903976039674622,0.009137511253356934,0.004519242145079441,4830,0.1413277591973244,DecisionTreeClassifier(random_state=1),SAMME,"{'n_estimators': 4830, 'learning_rate': 0.1413277591973244, 'base_estimator': DecisionTreeClassifier(random_state=1), 'algorithm': 'SAMME'}",0.7088607594936711,0.8092085802588765,0.7848101265822786,0.7341772151898733,0.7079253723755783,0.7333231660820497,0.8224435742025641,0.8227280103862383,0.8079133904254862,0.772078870496592,0.7703469065493207,0.04352872130730147,1,1.0,1.0,1.0,1.0,1.0,1.0,1.0,1.0,1.0,1.0,1.0,0.0
8,5.895883369445801,16.727827619369613,0.16986260414123536,0.4627347177630002,4800,0.5322408026755853,LogisticRegression(random_state=1),SAMME,"{'n_estimators': 4800, 'learning_rate': 0.5322408026755853, 'base_estimator': LogisticRegression(random_state=1), 'algorithm': 'SAMME'}",0.6934550093219507,0.7328920123624272,0.6832398731132908,0.7323779312314487,0.7310787465956806,0.6705692140199216,0.6317319912561639,0.5656045395024006,0.6448871484051283,0.7341772151898733,0.6820013680998285,0.05289109101177758,91,0.7060350272310516,0.6905876703824633,0.7074415552538909,0.6933835268759478,0.6877414771958988,0.7046355075410506,0.7016796436809609,0.7215134785387047,0.7074658643331737,0.6962109458892012,0.7016694696922344,0.00950685546172782
9,0.02282271385192871,0.00548216906438747,0.00939953327178955,0.003352819219300338,1550,0.7661204013377926,DecisionTreeClassifier(random_state=1),SAMME.R,"{'n_estimators': 1550, 'learning_rate': 0.7661204013377926, 'base_estimator': DecisionTreeClassifier(random_state=1), 'algorithm': 'SAMME.R'}",0.7088607594936711,0.8092085802588765,0.7848101265822786,0.7341772151898733,0.7079253723755783,0.7333231660820497,0.8224435742025641,0.8227280103862383,0.8079133904254862,0.772078870496592,0.7703469065493207,0.04352872130730147,1,1.0,1.0,1.0,1.0,1.0,1.0,1.0,1.0,1.0,1.0,1.0,0.0
10,0.02319777011871338,0.00559897100759157,0.011198925971984863,0.007331418123367133,3490,0.9198127090301003,DecisionTreeClassifier(random_state=1),SAMME.R,"{'n_estimators': 3490, 'learning_rate': 0.9198127090301003, 'base_estimator': DecisionTreeClassifier(random_state=1), 'algorithm': 'SAMME.R'}",0.7088607594936711,0.8092085802588765,0.7848101265822786,0.7341772151898733,0.7079253723755783,0.7333231660820497,0.8224435742025641,0.8227280103862383,0.8079133904254862,0.772078870496592,0.7703469065493207,0.04352872130730147,1,1.0,1.0,1.0,1.0,1.0,1.0,1.0,1.0,1.0,1.0,1.0,0.0
11,0.14555599689483642,0.024963030817445338,0.01199793815612793,0.0053664586329198495,4600,0.9599063545150501,LogisticRegression(random_state=1),SAMME,"{'n_estimators': 4600, 'learning_rate': 0.9599063545150501, 'base_estimator': LogisticRegression(random_state=1), 'algorithm': 'SAMME'}",0.7068901151582535,0.7542867108330928,0.6322037517157236,0.7717131668318683,0.7068901151582535,0.6952250623136699,0.6195219447197803,0.5820661019116287,0.6707805907172997,0.6311365885004947,0.6770714147860065,0.057903168115640946,95,0.6931940869448039,0.6781869805798794,0.693956346191929,0.6821239975354776,0.6863349013067899,0.6975671127805328,0.7000479291903218,0.7102374161657167,0.6855854615949823,0.6855854615949823,0.6912819693885416,0.009116927065147822
12,12.837637901306152,5.8151170115268345,0.36663994789123533,0.163959679284068,1380,0.11793979933110367,LogisticRegression(random_state=1),SAMME,"{'n_estimators': 1380, 'learning_rate': 0.11793979933110367, 'base_estimator': LogisticRegression(random_state=1), 'algorithm': 'SAMME'}",0.69473632764772,0.7317672951721679,0.6956175557758243,0.7456136063731,0.7587209597885212,0.6829342687204514,0.6448871484051283,0.5927542557835007,0.6448871484051283,0.7594936708860761,0.6951412236957618,0.052683950851904394,56,0.7031937711474067,0.698984500288657,0.7101892380409872,0.6904933610146465,0.6933349806946093,0.7102672292545711,0.7045887428709539,0.7158931082981715,0.7130290645032124,0.6975671127805328,0.7037541108893748,0.008146508934715935
13,30.688208532333373,0.2330720162546102,1.7225895643234252,0.03665236682054053,3290,0.42866555183946486,LogisticRegression(random_state=1),SAMME.R,"{'n_estimators': 3290, 'learning_rate': 0.42866555183946486, 'base_estimator': LogisticRegression(random_state=1), 'algorithm': 'SAMME.R'}",0.6571297849626354,0.7165136096632746,0.6820143004314609,0.7717131668318683,0.7848101265822786,0.6275314909747515,0.658118253054962,0.5693588210977912,0.6708860759493671,0.7340919745983037,0.6872167604146693,0.06262446024800174,68,0.7041083767761068,0.6994090748332967,0.702231524834862,0.6966842674731039,0.6995058091710286,0.7123330291714067,0.697947429140764,0.7082242784738307,0.6993074910456504,0.702231524834862,0.7021982805754912,0.004631806030975079
14,0.025833845138549805,0.005380468460536755,0.007343459129333496,0.004610978526352754,3020,0.14466889632107022,DecisionTreeClassifier(random_state=1),SAMME,"{'n_estimators': 3020, 'learning_rate': 0.14466889632107022, 'base_estimator': DecisionTreeClassifier(random_state=1), 'algorithm': 'SAMME'}",0.7088607594936711,0.8092085802588765,0.7848101265822786,0.7341772151898733,0.7079253723755783,0.7333231660820497,0.8224435742025641,0.8227280103862383,0.8079133904254862,0.772078870496592,0.7703469065493207,0.04352872130730147,1,1.0,1.0,1.0,1.0,1.0,1.0,1.0,1.0,1.0,1.0,1.0,0.0
15,30.555435562133788,15.005119162517289,0.8924579381942749,0.429819096870438,3390,0.17808026755852843,LogisticRegression(random_state=1),SAMME,"{'n_estimators': 3390, 'learning_rate': 0.17808026755852843, 'base_estimator': LogisticRegression(random_state=1), 'algorithm': 'SAMME'}",0.69473632764772,0.7317672951721679,0.6956175557758243,0.7456136063731,0.7587209597885212,0.6829342687204514,0.6448871484051283,0.5927542557835007,0.6448871484051283,0.7594936708860761,0.6951412236957618,0.052683950851904394,56,0.7031937711474067,0.7003555347006152,0.7130290645032124,0.689101282482798,0.6919148455372522,0.7102672292545711,0.7045887428709539,0.7144911574318396,0.7116337586977175,0.6975671127805328,0.7036142499406898,0.008434075668608114
16,10.395864844322205,0.19065411479255487,0.5797927856445313,0.01702302698677927,1110,0.849648829431438,LogisticRegression(random_state=1),SAMME.R,"{'n_estimators': 1110, 'learning_rate': 0.849648829431438, 'base_estimator': LogisticRegression(random_state=1), 'algorithm': 'SAMME.R'}",0.6571297849626354,0.7165136096632746,0.6820143004314609,0.7717131668318683,0.7848101265822786,0.6275314909747515,0.658118253054962,0.5693588210977912,0.6708860759493671,0.7340919745983037,0.6872167604146693,0.06262446024800174,68,0.7041083767761068,0.6994090748332967,0.702231524834862,0.6966842674731039,0.6995058091710286,0.7123330291714067,0.697947429140764,0.7082242784738307,0.6993074910456504,0.702231524834862,0.7021982805754912,0.004631806030975079
17,3.725647282600403,0.059934969964964106,0.15677433013916015,0.007675445777576113,290,0.05779933110367893,LogisticRegression(random_state=1),SAMME.R,"{'n_estimators': 290, 'learning_rate': 0.05779933110367893, 'base_estimator': LogisticRegression(random_state=1), 'algorithm': 'SAMME.R'}",0.6578990629623541,0.7025575973242703,0.669827150839809,0.7717131668318683,0.7721518987341772,0.6275314909747515,0.6582278481012658,0.5334880070967962,0.6834428269027425,0.7340919745983037,0.6810931024366338,0.06754453496133102,92,0.7010519714918539,0.6981418085830822,0.6937641748301661,0.6996847682499158,0.6951245079177805,0.7066051223611268,0.6907278375951236,0.7124141048824593,0.7077777025654911,0.7007703503637475,0.7006062348840747,0.006390902562583821
18,0.023161864280700682,0.006310637358773144,0.009886217117309571,0.005137285086836712,4650,0.6825919732441471,DecisionTreeClassifier(random_state=1),SAMME.R,"{'n_estimators': 4650, 'learning_rate': 0.6825919732441471, 'base_estimator': DecisionTreeClassifier(random_state=1), 'algorithm': 'SAMME.R'}",0.7088607594936711,0.8092085802588765,0.7848101265822786,0.7341772151898733,0.7079253723755783,0.7333231660820497,0.8224435742025641,0.8227280103862383,0.8079133904254862,0.772078870496592,0.7703469065493207,0.04352872130730147,1,1.0,1.0,1.0,1.0,1.0,1.0,1.0,1.0,1.0,1.0,1.0,0.0
19,0.024214792251586913,0.007504021088711955,0.007338881492614746,0.004469655916945074,4440,0.43868896321070233,DecisionTreeClassifier(random_state=1),SAMME.R,"{'n_estimators': 4440, 'learning_rate': 0.43868896321070233, 'base_estimator': DecisionTreeClassifier(random_state=1), 'algorithm': 'SAMME.R'}",0.7088607594936711,0.8092085802588765,0.7848101265822786,0.7341772151898733,0.7079253723755783,0.7333231660820497,0.8224435742025641,0.8227280103862383,0.8079133904254862,0.772078870496592,0.7703469065493207,0.04352872130730147,1,1.0,1.0,1.0,1.0,1.0,1.0,1.0,1.0,1.0,1.0,1.0,0.0
20,13.640863752365112,10.137002139403705,0.3973600149154663,0.2914686970136169,1950,0.2582675585284281,LogisticRegression(random_state=1),SAMME,"{'n_estimators': 1950, 'learning_rate': 0.2582675585284281, 'base_estimator': LogisticRegression(random_state=1), 'algorithm': 'SAMME'}",0.69473632764772,0.7317672951721679,0.6832398731132908,0.7456136063731,0.7190004252117882,0.6829342687204514,0.6448871484051283,0.5761043792587119,0.6448871484051283,0.7594936708860761,0.6882664143193563,0.052572169232491715,66,0.69901547116737,0.7003555347006152,0.7130676791913161,0.6876796642965979,0.691940454413659,0.7088549991623726,0.7045887428709539,0.7158931082981715,0.7116337586977175,0.698984500288657,0.7032013913087432,0.008800862849504402
21,3.4750924587249754,9.917624318914193,0.10879781246185302,0.28908419328489543,3160,0.6458394648829431,LogisticRegression(random_state=1),SAMME,"{'n_estimators': 3160, 'learning_rate': 0.6458394648829431, 'base_estimator': LogisticRegression(random_state=1), 'algorithm': 'SAMME'}",0.7079253723755783,0.7460208852613915,0.658118253054962,0.7323779312314487,0.7088607594936711,0.6705692140199216,0.6423641775422759,0.6090295792076525,0.6448871484051283,0.7212508734014721,0.6841404193993502,0.043010577001725926,90,0.6883149885180475,0.6916868098302698,0.7012903613168315,0.7002725600286919,0.6921951327513781,0.7086752415884752,0.7060478199718706,0.7102374161657167,0.7115961209486249,0.6999848928358595,0.7010301343955765,0.007802582979565017
22,0.12563931941986084,0.015221408971016115,0.01331777572631836,0.005656088282610885,1930,0.9665886287625418,LogisticRegression(random_state=1),SAMME,"{'n_estimators': 1930, 'learning_rate': 0.9665886287625418, 'base_estimator': LogisticRegression(random_state=1), 'algorithm': 'SAMME'}",0.7068901151582535,0.7542867108330928,0.6176773623785693,0.7587209597885212,0.7068901151582535,0.6952250623136699,0.6063341975496924,0.5820661019116287,0.6582278481012658,0.613427649540829,0.6699746122733776,0.06016319014490627,99,0.6974377588527605,0.6780756434280469,0.6917194092827004,0.6806745195083354,0.7004302375687925,0.6989344511687926,0.702975057766195,0.7072677526812807,0.6855854615949823,0.6874110152095001,0.6930511307061387,0.009357725027650206
23,0.02399890422821045,0.007155112183828271,0.007999134063720704,9.524814775199021e-07,4760,0.7560969899665552,DecisionTreeClassifier(random_state=1),SAMME.R,"{'n_estimators': 4760, 'learning_rate': 0.7560969899665552, 'base_estimator': DecisionTreeClassifier(random_state=1), 'algorithm': 'SAMME.R'}",0.7088607594936711,0.8092085802588765,0.7848101265822786,0.7341772151898733,0.7079253723755783,0.7333231660820497,0.8224435742025641,0.8227280103862383,0.8079133904254862,0.772078870496592,0.7703469065493207,0.04352872130730147,1,1.0,1.0,1.0,1.0,1.0,1.0,1.0,1.0,1.0,1.0,1.0,0.0
24,0.020798373222351074,0.005305280751685402,0.00719902515411377,0.004307602959378923,70,0.9933177257525083,DecisionTreeClassifier(random_state=1),SAMME,"{'n_estimators': 70, 'learning_rate': 0.9933177257525083, 'base_estimator': DecisionTreeClassifier(random_state=1), 'algorithm': 'SAMME'}",0.7088607594936711,0.8092085802588765,0.7848101265822786,0.7341772151898733,0.7079253723755783,0.7333231660820497,0.8224435742025641,0.8227280103862383,0.8079133904254862,0.772078870496592,0.7703469065493207,0.04352872130730147,1,1.0,1.0,1.0,1.0,1.0,1.0,1.0,1.0,1.0,1.0,1.0,0.0
25,0.01999852657318115,0.004000020236059157,0.008901333808898926,0.004485724155621446,1560,0.1747391304347826,DecisionTreeClassifier(random_state=1),SAMME,"{'n_estimators': 1560, 'learning_rate': 0.1747391304347826, 'base_estimator': DecisionTreeClassifier(random_state=1), 'algorithm': 'SAMME'}",0.7088607594936711,0.8092085802588765,0.7848101265822786,0.7341772151898733,0.7079253723755783,0.7333231660820497,0.8224435742025641,0.8227280103862383,0.8079133904254862,0.772078870496592,0.7703469065493207,0.04352872130730147,1,1.0,1.0,1.0,1.0,1.0,1.0,1.0,1.0,1.0,1.0,1.0,0.0
26,0.022866129875183105,0.005301929805897443,0.008398890495300293,0.0011979350427781211,1470,0.9699297658862875,DecisionTreeClassifier(random_state=1),SAMME.R,"{'n_estimators': 1470, 'learning_rate': 0.9699297658862875, 'base_estimator': DecisionTreeClassifier(random_state=1), 'algorithm': 'SAMME.R'}",0.7088607594936711,0.8092085802588765,0.7848101265822786,0.7341772151898733,0.7079253723755783,0.7333231660820497,0.8224435742025641,0.8227280103862383,0.8079133904254862,0.772078870496592,0.7703469065493207,0.04352872130730147,1,1.0,1.0,1.0,1.0,1.0,1.0,1.0,1.0,1.0,1.0,1.0,0.0
27,0.14646692276000978,0.031232683433978534,0.011166143417358398,0.0037662197055213236,1160,0.9799531772575251,LogisticRegression(random_state=1),SAMME,"{'n_estimators': 1160, 'learning_rate': 0.9799531772575251, 'base_estimator': LogisticRegression(random_state=1), 'algorithm': 'SAMME'}",0.7209827594611723,0.7542867108330928,0.6190313278920874,0.7587209597885212,0.69473632764772,0.6829342687204514,0.6329113924050633,0.5820661019116287,0.6184204095596502,0.6414269275028769,0.6705517185722265,0.057908248786199386,98,0.6887584730249947,0.6795436641660217,0.6951245079177805,0.6863659294734307,0.6877575365433963,0.7018225123747749,0.6867590918223828,0.7059535592118809,0.6946813283293921,0.6892587793614405,0.6916025382225495,0.007462883707106757
28,0.02458059787750244,0.008276577716231305,0.006523704528808594,0.0032818771093123863,350,0.665886287625418,DecisionTreeClassifier(random_state=1),SAMME,"{'n_estimators': 350, 'learning_rate': 0.665886287625418, 'base_estimator': DecisionTreeClassifier(random_state=1), 'algorithm': 'SAMME'}",0.7088607594936711,0.8092085802588765,0.7848101265822786,0.7341772151898733,0.7079253723755783,0.7333231660820497,0.8224435742025641,0.8227280103862383,0.8079133904254862,0.772078870496592,0.7703469065493207,0.04352872130730147,1,1.0,1.0,1.0,1.0,1.0,1.0,1.0,1.0,1.0,1.0,1.0,0.0
29,0.01932053565979004,0.0033875889222547526,0.0100006103515625,0.0064388315742182,3010,0.7861672240802675,DecisionTreeClassifier(random_state=1),SAMME,"{'n_estimators': 3010, 'learning_rate': 0.7861672240802675, 'base_estimator': DecisionTreeClassifier(random_state=1), 'algorithm': 'SAMME'}",0.7088607594936711,0.8092085802588765,0.7848101265822786,0.7341772151898733,0.7079253723755783,0.7333231660820497,0.8224435742025641,0.8227280103862383,0.8079133904254862,0.772078870496592,0.7703469065493207,0.04352872130730147,1,1.0,1.0,1.0,1.0,1.0,1.0,1.0,1.0,1.0,1.0,1.0,0.0
30,0.021964597702026366,0.0069470329816154934,0.010400080680847168,0.005121923548850569,2190,0.4721003344481605,DecisionTreeClassifier(random_state=1),SAMME.R,"{'n_estimators': 2190, 'learning_rate': 0.4721003344481605, 'base_estimator': DecisionTreeClassifier(random_state=1), 'algorithm': 'SAMME.R'}",0.7088607594936711,0.8092085802588765,0.7848101265822786,0.7341772151898733,0.7079253723755783,0.7333231660820497,0.8224435742025641,0.8227280103862383,0.8079133904254862,0.772078870496592,0.7703469065493207,0.04352872130730147,1,1.0,1.0,1.0,1.0,1.0,1.0,1.0,1.0,1.0,1.0,1.0,0.0
31,0.02057790756225586,0.005437058971192376,0.0064000368118286135,0.0047999782013677435,1550,0.8630133779264214,DecisionTreeClassifier(random_state=1),SAMME,"{'n_estimators': 1550, 'learning_rate': 0.8630133779264214, 'base_estimator': DecisionTreeClassifier(random_state=1), 'algorithm': 'SAMME'}",0.7088607594936711,0.8092085802588765,0.7848101265822786,0.7341772151898733,0.7079253723755783,0.7333231660820497,0.8224435742025641,0.8227280103862383,0.8079133904254862,0.772078870496592,0.7703469065493207,0.04352872130730147,1,1.0,1.0,1.0,1.0,1.0,1.0,1.0,1.0,1.0,1.0,1.0,0.0
32,0.01908283233642578,0.0037901000775874237,0.007687139511108399,0.002944357271026602,500,0.16471571906354515,DecisionTreeClassifier(random_state=1),SAMME.R,"{'n_estimators': 500, 'learning_rate': 0.16471571906354515, 'base_estimator': DecisionTreeClassifier(random_state=1), 'algorithm': 'SAMME.R'}",0.7088607594936711,0.8092085802588765,0.7848101265822786,0.7341772151898733,0.7079253723755783,0.7333231660820497,0.8224435742025641,0.8227280103862383,0.8079133904254862,0.772078870496592,0.7703469065493207,0.04352872130730147,1,1.0,1.0,1.0,1.0,1.0,1.0,1.0,1.0,1.0,1.0,1.0,0.0
33,14.318686485290527,6.990846630824729,0.4223071575164795,0.20588376436309608,1600,0.30170234113712374,LogisticRegression(random_state=1),SAMME,"{'n_estimators': 1600, 'learning_rate': 0.30170234113712374, 'base_estimator': LogisticRegression(random_state=1), 'algorithm': 'SAMME'}",0.69473632764772,0.7317672951721679,0.6832398731132908,0.7456136063731,0.7587209597885212,0.6829342687204514,0.6448871484051283,0.5927542557835007,0.6448871484051283,0.7594936708860761,0.6939034554295085,0.052803485987466516,60,0.7045887428709539,0.6976030184536721,0.7045887428709539,0.6904933610146465,0.6919148455372522,0.7102672292545711,0.7017481478868411,0.7144911574318396,0.7116337586977175,0.6975671127805328,0.7024896116798981,0.00775468780865026
34,0.021561813354492188,0.003557206783473299,0.006582808494567871,0.006295730960420976,3570,0.38857190635451505,DecisionTreeClassifier(random_state=1),SAMME.R,"{'n_estimators': 3570, 'learning_rate': 0.38857190635451505, 'base_estimator': DecisionTreeClassifier(random_state=1), 'algorithm': 'SAMME.R'}",0.7088607594936711,0.8092085802588765,0.7848101265822786,0.7341772151898733,0.7079253723755783,0.7333231660820497,0.8224435742025641,0.8227280103862383,0.8079133904254862,0.772078870496592,0.7703469065493207,0.04352872130730147,1,1.0,1.0,1.0,1.0,1.0,1.0,1.0,1.0,1.0,1.0,1.0,0.0
35,0.023040127754211426,0.004977931842306282,0.005016183853149414,0.0037029790496339123,1890,0.38857190635451505,DecisionTreeClassifier(random_state=1),SAMME,"{'n_estimators': 1890, 'learning_rate': 0.38857190635451505, 'base_estimator': DecisionTreeClassifier(random_state=1), 'algorithm': 'SAMME'}",0.7088607594936711,0.8092085802588765,0.7848101265822786,0.7341772151898733,0.7079253723755783,0.7333231660820497,0.8224435742025641,0.8227280103862383,0.8079133904254862,0.772078870496592,0.7703469065493207,0.04352872130730147,1,1.0,1.0,1.0,1.0,1.0,1.0,1.0,1.0,1.0,1.0,1.0,0.0
36,0.022309303283691406,0.00530014118436802,0.007285404205322266,0.00244172651269009,1230,0.8930836120401338,DecisionTreeClassifier(random_state=1),SAMME.R,"{'n_estimators': 1230, 'learning_rate': 0.8930836120401338, 'base_estimator': DecisionTreeClassifier(random_state=1), 'algorithm': 'SAMME.R'}",0.7088607594936711,0.8092085802588765,0.7848101265822786,0.7341772151898733,0.7079253723755783,0.7333231660820497,0.8224435742025641,0.8227280103862383,0.8079133904254862,0.772078870496592,0.7703469065493207,0.04352872130730147,1,1.0,1.0,1.0,1.0,1.0,1.0,1.0,1.0,1.0,1.0,1.0,0.0
37,30.77200927734375,0.19714186745118512,1.7212873697280884,0.029047529748553364,3270,0.38188963210702337,LogisticRegression(random_state=1),SAMME.R,"{'n_estimators': 3270, 'learning_rate': 0.38188963210702337, 'base_estimator': LogisticRegression(random_state=1), 'algorithm': 'SAMME.R'}",0.6571297849626354,0.7165136096632746,0.6820143004314609,0.7717131668318683,0.7848101265822786,0.6275314909747515,0.658118253054962,0.5693588210977912,0.6708860759493671,0.7340919745983037,0.6872167604146693,0.06262446024800174,68,0.7041083767761068,0.6994090748332967,0.702231524834862,0.6966842674731039,0.6995058091710286,0.7123330291714067,0.697947429140764,0.7082242784738307,0.6993074910456504,0.702231524834862,0.7021982805754912,0.004631806030975079
38,10.73986234664917,15.662876553758885,0.31093363761901854,0.43941482062865894,3080,0.37520735785953174,LogisticRegression(random_state=1),SAMME,"{'n_estimators': 3080, 'learning_rate': 0.37520735785953174, 'base_estimator': LogisticRegression(random_state=1), 'algorithm': 'SAMME'}",0.69473632764772,0.7438763767877691,0.6832398731132908,0.7456136063731,0.7323779312314487,0.6829342687204514,0.6448871484051283,0.6090295792076525,0.6448871484051283,0.7468354430379747,0.6928417702929662,0.046567737459917005,61,0.7018284106891702,0.7017753023268677,0.7116679943395477,0.6891271252302221,0.6961712713193922,0.7158425050472985,0.7017753023268677,0.7159009771741605,0.7130290645032124,0.698984500288657,0.7046102453245395,0.008606609823639038
39,0.02167234420776367,0.0073058052387367615,0.009581041336059571,0.0037306348042399325,4820,0.665886287625418,DecisionTreeClassifier(random_state=1),SAMME,"{'n_estimators': 4820, 'learning_rate': 0.665886287625418, 'base_estimator': DecisionTreeClassifier(random_state=1), 'algorithm': 'SAMME'}",0.7088607594936711,0.8092085802588765,0.7848101265822786,0.7341772151898733,0.7079253723755783,0.7333231660820497,0.8224435742025641,0.8227280103862383,0.8079133904254862,0.772078870496592,0.7703469065493207,0.04352872130730147,1,1.0,1.0,1.0,1.0,1.0,1.0,1.0,1.0,1.0,1.0,1.0,0.0
40,13.97775912284851,0.20274956887695228,0.7750861406326294,0.01672970360800596,1490,0.6124280936454849,LogisticRegression(random_state=1),SAMME.R,"{'n_estimators': 1490, 'learning_rate': 0.6124280936454849, 'base_estimator': LogisticRegression(random_state=1), 'algorithm': 'SAMME.R'}",0.6571297849626354,0.7165136096632746,0.6820143004314609,0.7717131668318683,0.7848101265822786,0.6275314909747515,0.658118253054962,0.5693588210977912,0.6708860759493671,0.7340919745983037,0.6872167604146693,0.06262446024800174,68,0.7041083767761068,0.6994090748332967,0.702231524834862,0.6966842674731039,0.6995058091710286,0.7123330291714067,0.697947429140764,0.7082242784738307,0.6993074910456504,0.702231524834862,0.7021982805754912,0.004631806030975079
41,44.38484246730805,21.943158607243337,1.3144361972808838,0.644917332635829,4970,0.17808026755852843,LogisticRegression(random_state=1),SAMME,"{'n_estimators': 4970, 'learning_rate': 0.17808026755852843, 'base_estimator': LogisticRegression(random_state=1), 'algorithm': 'SAMME'}",0.69473632764772,0.7317672951721679,0.6956175557758243,0.7456136063731,0.7587209597885212,0.6829342687204514,0.6448871484051283,0.5927542557835007,0.6448871484051283,0.7594936708860761,0.6951412236957618,0.052683950851904394,56,0.7031937711474067,0.7003555347006152,0.7130290645032124,0.689101282482798,0.6919148455372522,0.7102672292545711,0.7045887428709539,0.7144911574318396,0.7116337586977175,0.6975671127805328,0.7036142499406898,0.008434075668608114
42,0.021541309356689454,0.007500149138070779,0.008969664573669434,0.002398457027451048,3910,0.26160869565217393,DecisionTreeClassifier(random_state=1),SAMME.R,"{'n_estimators': 3910, 'learning_rate': 0.26160869565217393, 'base_estimator': DecisionTreeClassifier(random_state=1), 'algorithm': 'SAMME.R'}",0.7088607594936711,0.8092085802588765,0.7848101265822786,0.7341772151898733,0.7079253723755783,0.7333231660820497,0.8224435742025641,0.8227280103862383,0.8079133904254862,0.772078870496592,0.7703469065493207,0.04352872130730147,1,1.0,1.0,1.0,1.0,1.0,1.0,1.0,1.0,1.0,1.0,1.0,0.0
43,0.020798373222351074,0.00391899704631308,0.008800125122070313,0.006644409970161052,3770,0.4654180602006689,DecisionTreeClassifier(random_state=1),SAMME.R,"{'n_estimators': 3770, 'learning_rate': 0.4654180602006689, 'base_estimator': DecisionTreeClassifier(random_state=1), 'algorithm': 'SAMME.R'}",0.7088607594936711,0.8092085802588765,0.7848101265822786,0.7341772151898733,0.7079253723755783,0.7333231660820497,0.8224435742025641,0.8227280103862383,0.8079133904254862,0.772078870496592,0.7703469065493207,0.04352872130730147,1,1.0,1.0,1.0,1.0,1.0,1.0,1.0,1.0,1.0,1.0,1.0,0.0
44,0.02353675365447998,0.006032586508359764,0.007615184783935547,0.0008106577192685103,3520,0.869695652173913,DecisionTreeClassifier(random_state=1),SAMME,"{'n_estimators': 3520, 'learning_rate': 0.869695652173913, 'base_estimator': DecisionTreeClassifier(random_state=1), 'algorithm': 'SAMME'}",0.7088607594936711,0.8092085802588765,0.7848101265822786,0.7341772151898733,0.7079253723755783,0.7333231660820497,0.8224435742025641,0.8227280103862383,0.8079133904254862,0.772078870496592,0.7703469065493207,0.04352872130730147,1,1.0,1.0,1.0,1.0,1.0,1.0,1.0,1.0,1.0,1.0,1.0,0.0
45,18.639724826812746,0.2166460553083709,1.0093903064727783,0.03561372712755343,1930,0.19478595317725753,LogisticRegression(random_state=1),SAMME.R,"{'n_estimators': 1930, 'learning_rate': 0.19478595317725753, 'base_estimator': LogisticRegression(random_state=1), 'algorithm': 'SAMME.R'}",0.6571297849626354,0.7165136096632746,0.6820143004314609,0.7717131668318683,0.7848101265822786,0.6275314909747515,0.658118253054962,0.5693588210977912,0.6708860759493671,0.7340919745983037,0.6872167604146693,0.06262446024800174,68,0.7041083767761068,0.6994090748332967,0.702231524834862,0.6966842674731039,0.6995058091710286,0.7123330291714067,0.697947429140764,0.7082242784738307,0.6993074910456504,0.702231524834862,0.7021982805754912,0.004631806030975079
46,0.021216607093811034,0.004331020743916672,0.007999992370605469,0.0035776095158446767,1710,0.18810367892976587,DecisionTreeClassifier(random_state=1),SAMME,"{'n_estimators': 1710, 'learning_rate': 0.18810367892976587, 'base_estimator': DecisionTreeClassifier(random_state=1), 'algorithm': 'SAMME'}",0.7088607594936711,0.8092085802588765,0.7848101265822786,0.7341772151898733,0.7079253723755783,0.7333231660820497,0.8224435742025641,0.8227280103862383,0.8079133904254862,0.772078870496592,0.7703469065493207,0.04352872130730147,1,1.0,1.0,1.0,1.0,1.0,1.0,1.0,1.0,1.0,1.0,1.0,0.0
47,0.022397494316101073,0.004799914606372257,0.007999992370605469,1.6071605249741283e-06,200,0.629133779264214,DecisionTreeClassifier(random_state=1),SAMME.R,"{'n_estimators': 200, 'learning_rate': 0.629133779264214, 'base_estimator': DecisionTreeClassifier(random_state=1), 'algorithm': 'SAMME.R'}",0.7088607594936711,0.8092085802588765,0.7848101265822786,0.7341772151898733,0.7079253723755783,0.7333231660820497,0.8224435742025641,0.8227280103862383,0.8079133904254862,0.772078870496592,0.7703469065493207,0.04352872130730147,1,1.0,1.0,1.0,1.0,1.0,1.0,1.0,1.0,1.0,1.0,1.0,0.0
48,16.315527987480163,0.10145453940014754,0.8905800104141235,0.020776639717742917,1710,0.40861872909698993,LogisticRegression(random_state=1),SAMME.R,"{'n_estimators': 1710, 'learning_rate': 0.40861872909698993, 'base_estimator': LogisticRegression(random_state=1), 'algorithm': 'SAMME.R'}",0.6571297849626354,0.7165136096632746,0.6820143004314609,0.7717131668318683,0.7848101265822786,0.6275314909747515,0.658118253054962,0.5693588210977912,0.6708860759493671,0.7340919745983037,0.6872167604146693,0.06262446024800174,68,0.7041083767761068,0.6994090748332967,0.702231524834862,0.6966842674731039,0.6995058091710286,0.7123330291714067,0.697947429140764,0.7082242784738307,0.6993074910456504,0.702231524834862,0.7021982805754912,0.004631806030975079
49,0.020996594429016115,0.006329946150711184,0.008345341682434082,0.0007012822577409216,100,0.5723344481605351,DecisionTreeClassifier(random_state=1),SAMME.R,"{'n_estimators': 100, 'learning_rate': 0.5723344481605351, 'base_estimator': DecisionTreeClassifier(random_state=1), 'algorithm': 'SAMME.R'}",0.7088607594936711,0.8092085802588765,0.7848101265822786,0.7341772151898733,0.7079253723755783,0.7333231660820497,0.8224435742025641,0.8227280103862383,0.8079133904254862,0.772078870496592,0.7703469065493207,0.04352872130730147,1,1.0,1.0,1.0,1.0,1.0,1.0,1.0,1.0,1.0,1.0,1.0,0.0
50,44.8538861989975,0.3964743246649834,2.541789436340332,0.12503508622501142,4790,0.4988294314381271,LogisticRegression(random_state=1),SAMME.R,"{'n_estimators': 4790, 'learning_rate': 0.4988294314381271, 'base_estimator': LogisticRegression(random_state=1), 'algorithm': 'SAMME.R'}",0.6571297849626354,0.7165136096632746,0.6820143004314609,0.7717131668318683,0.7848101265822786,0.6275314909747515,0.658118253054962,0.5693588210977912,0.6708860759493671,0.7340919745983037,0.6872167604146693,0.06262446024800174,68,0.7041083767761068,0.6994090748332967,0.702231524834862,0.6966842674731039,0.6995058091710286,0.7123330291714067,0.697947429140764,0.7082242784738307,0.6993074910456504,0.702231524834862,0.7021982805754912,0.004631806030975079
51,0.022376036643981932,0.004832186320213619,0.010399055480957032,0.005121361315037352,490,0.0076822742474916385,DecisionTreeClassifier(random_state=1),SAMME,"{'n_estimators': 490, 'learning_rate': 0.0076822742474916385, 'base_estimator': DecisionTreeClassifier(random_state=1), 'algorithm': 'SAMME'}",0.7088607594936711,0.8092085802588765,0.7848101265822786,0.7341772151898733,0.7079253723755783,0.7333231660820497,0.8224435742025641,0.8227280103862383,0.8079133904254862,0.772078870496592,0.7703469065493207,0.04352872130730147,1,1.0,1.0,1.0,1.0,1.0,1.0,1.0,1.0,1.0,1.0,1.0,0.0
52,3.4013592004776,3.753918335168317,0.10994486808776856,0.11546340699240135,720,0.4320066889632107,LogisticRegression(random_state=1),SAMME,"{'n_estimators': 720, 'learning_rate': 0.4320066889632107, 'base_estimator': LogisticRegression(random_state=1), 'algorithm': 'SAMME'}",0.7068901151582535,0.7438763767877691,0.6832398731132908,0.7190004252117882,0.7323779312314487,0.6829342687204514,0.6448871484051283,0.5761043792587119,0.6448871484051283,0.7468354430379747,0.6881033109329945,0.05114422942135006,67,0.6976137874278104,0.6976137874278104,0.7046284932851783,0.6933580423501273,0.6961893073790406,0.714466300292728,0.6961893073790406,0.7187138387862975,0.7102672292545711,0.700400600799759,0.7029440694382363,0.008272556824645519
53,43.787304282188416,0.5377986312802262,2.2479671001434327,0.0491615630146081,4230,0.031070234113712375,LogisticRegression(random_state=1),SAMME.R,"{'n_estimators': 4230, 'learning_rate': 0.031070234113712375, 'base_estimator': LogisticRegression(random_state=1), 'algorithm': 'SAMME.R'}",0.6571297849626354,0.7165136096632746,0.6820143004314609,0.7717131668318683,0.7848101265822786,0.6275314909747515,0.658118253054962,0.5693588210977912,0.6708860759493671,0.7340919745983037,0.6872167604146693,0.06262446024800174,68,0.7041083767761068,0.6994090748332967,0.702231524834862,0.6966842674731039,0.6995058091710286,0.7123330291714067,0.697947429140764,0.7082242784738307,0.6993074910456504,0.702231524834862,0.7021982805754912,0.004631806030975079
54,0.022566056251525878,0.005324584765769572,0.01025717258453369,0.004658378030756163,1370,0.2916789297658863,DecisionTreeClassifier(random_state=1),SAMME.R,"{'n_estimators': 1370, 'learning_rate': 0.2916789297658863, 'base_estimator': DecisionTreeClassifier(random_state=1), 'algorithm': 'SAMME.R'}",0.7088607594936711,0.8092085802588765,0.7848101265822786,0.7341772151898733,0.7079253723755783,0.7333231660820497,0.8224435742025641,0.8227280103862383,0.8079133904254862,0.772078870496592,0.7703469065493207,0.04352872130730147,1,1.0,1.0,1.0,1.0,1.0,1.0,1.0,1.0,1.0,1.0,1.0,0.0
55,16.362901782989503,0.15197288211624255,0.9143454551696777,0.027923811032526467,1740,0.6424983277591972,LogisticRegression(random_state=1),SAMME.R,"{'n_estimators': 1740, 'learning_rate': 0.6424983277591972, 'base_estimator': LogisticRegression(random_state=1), 'algorithm': 'SAMME.R'}",0.6571297849626354,0.7165136096632746,0.6820143004314609,0.7717131668318683,0.7848101265822786,0.6275314909747515,0.658118253054962,0.5693588210977912,0.6708860759493671,0.7340919745983037,0.6872167604146693,0.06262446024800174,68,0.7041083767761068,0.6994090748332967,0.702231524834862,0.6966842674731039,0.6995058091710286,0.7123330291714067,0.697947429140764,0.7082242784738307,0.6993074910456504,0.702231524834862,0.7021982805754912,0.004631806030975079
56,18.429860949516296,0.3444387321708464,1.032447099685669,0.04245815371943618,1960,0.5756755852842809,LogisticRegression(random_state=1),SAMME.R,"{'n_estimators': 1960, 'learning_rate': 0.5756755852842809, 'base_estimator': LogisticRegression(random_state=1), 'algorithm': 'SAMME.R'}",0.6571297849626354,0.7165136096632746,0.6820143004314609,0.7717131668318683,0.7848101265822786,0.6275314909747515,0.658118253054962,0.5693588210977912,0.6708860759493671,0.7340919745983037,0.6872167604146693,0.06262446024800174,68,0.7041083767761068,0.6994090748332967,0.702231524834862,0.6966842674731039,0.6995058091710286,0.7123330291714067,0.697947429140764,0.7082242784738307,0.6993074910456504,0.702231524834862,0.7021982805754912,0.004631806030975079
57,4.442663240432739,0.12831768312094347,0.22741994857788086,0.013743896977940389,420,0.25158528428093646,LogisticRegression(random_state=1),SAMME.R,"{'n_estimators': 420, 'learning_rate': 0.25158528428093646, 'base_estimator': LogisticRegression(random_state=1), 'algorithm': 'SAMME.R'}",0.6571297849626354,0.7165136096632746,0.6820143004314609,0.7717131668318683,0.7848101265822786,0.6275314909747515,0.658118253054962,0.5693588210977912,0.6708860759493671,0.7340919745983037,0.6872167604146693,0.06262446024800174,68,0.7041083767761068,0.6994090748332967,0.702231524834862,0.6966842674731039,0.6995058091710286,0.7123330291714067,0.697947429140764,0.7082242784738307,0.6993074910456504,0.702231524834862,0.7021982805754912,0.004631806030975079
58,1.8383344173431397,1.2786673975687233,0.05698363780975342,0.035166013749753436,260,0.3785484949832776,LogisticRegression(random_state=1),SAMME,"{'n_estimators': 260, 'learning_rate': 0.3785484949832776, 'base_estimator': LogisticRegression(random_state=1), 'algorithm': 'SAMME'}",0.69473632764772,0.7438763767877691,0.6707805907172997,0.7456136063731,0.7323779312314487,0.6829342687204514,0.6448871484051283,0.6090295792076525,0.6448871484051283,0.7468354430379747,0.6915958420533672,0.046972883203393025,63,0.7018366691134753,0.7003804419639699,0.705982660809524,0.6891480412053836,0.694753783597096,0.7172369130273412,0.7017753023268677,0.7159009771741605,0.7116337586977175,0.698984500288657,0.7037633048204193,0.008558346859364437
59,0.02225332260131836,0.005782791559752254,0.006577849388122559,0.0033305062095425,4040,0.9264949832775919,DecisionTreeClassifier(random_state=1),SAMME.R,"{'n_estimators': 4040, 'learning_rate': 0.9264949832775919, 'base_estimator': DecisionTreeClassifier(random_state=1), 'algorithm': 'SAMME.R'}",0.7088607594936711,0.8092085802588765,0.7848101265822786,0.7341772151898733,0.7079253723755783,0.7333231660820497,0.8224435742025641,0.8227280103862383,0.8079133904254862,0.772078870496592,0.7703469065493207,0.04352872130730147,1,1.0,1.0,1.0,1.0,1.0,1.0,1.0,1.0,1.0,1.0,1.0,0.0
60,18.133861112594605,1.5710603574779811,0.9620130062103271,0.06926253125515623,1760,0.38857190635451505,LogisticRegression(random_state=1),SAMME.R,"{'n_estimators': 1760, 'learning_rate': 0.38857190635451505, 'base_estimator': LogisticRegression(random_state=1), 'algorithm': 'SAMME.R'}",0.6571297849626354,0.7165136096632746,0.6820143004314609,0.7717131668318683,0.7848101265822786,0.6275314909747515,0.658118253054962,0.5693588210977912,0.6708860759493671,0.7340919745983037,0.6872167604146693,0.06262446024800174,68,0.7041083767761068,0.6994090748332967,0.702231524834862,0.6966842674731039,0.6995058091710286,0.7123330291714067,0.697947429140764,0.7082242784738307,0.6993074910456504,0.702231524834862,0.7021982805754912,0.004631806030975079
61,0.026368236541748045,0.007521835496992852,0.006399130821228028,0.004799159536892996,2440,0.001,DecisionTreeClassifier(random_state=1),SAMME,"{'n_estimators': 2440, 'learning_rate': 0.001, 'base_estimator': DecisionTreeClassifier(random_state=1), 'algorithm': 'SAMME'}",0.7088607594936711,0.8092085802588765,0.7848101265822786,0.7341772151898733,0.7079253723755783,0.7333231660820497,0.8224435742025641,0.8227280103862383,0.8079133904254862,0.772078870496592,0.7703469065493207,0.04352872130730147,1,1.0,1.0,1.0,1.0,1.0,1.0,1.0,1.0,1.0,1.0,1.0,0.0
62,10.076771640777588,19.27214402483648,0.28182909488677976,0.519859995793046,4040,0.4721003344481605,LogisticRegression(random_state=1),SAMME,"{'n_estimators': 4040, 'learning_rate': 0.4721003344481605, 'base_estimator': LogisticRegression(random_state=1), 'algorithm': 'SAMME'}",0.6934550093219507,0.7438763767877691,0.6961051606621228,0.7456136063731,0.7445458411016257,0.6705692140199216,0.6317319912561639,0.5761043792587119,0.6448871484051283,0.7468354430379747,0.6893724170224468,0.055701367234955744,65,0.7018390278231008,0.6976137874278104,0.7046413502109705,0.6933980842770642,0.6933895921237694,0.7158425050472985,0.6933895921237694,0.7215289033442169,0.7102752539498863,0.69901547116737,0.7030933567495257,0.009417742126882596
63,0.14446508884429932,0.029885947063800888,0.009012126922607422,0.002412028315883456,2870,0.6759096989966555,LogisticRegression(random_state=1),SAMME,"{'n_estimators': 2870, 'learning_rate': 0.6759096989966555, 'base_estimator': LogisticRegression(random_state=1), 'algorithm': 'SAMME'}",0.7209827594611723,0.7460208852613915,0.658118253054962,0.7323779312314487,0.7088607594936711,0.6686537140614267,0.6329113924050633,0.5927542557835007,0.6448871484051283,0.6952250623136699,0.6800792161471434,0.046385442762869315,93,0.694793264120222,0.694502455402596,0.7037840177684451,0.7031820423623734,0.6892587793614405,0.705239061539692,0.6901052737660389,0.7084972832976366,0.7074485027073262,0.6952250623136699,0.699203574263944,0.006831146166326307
64,3.0953081607818604,0.7869296879340762,0.09733514785766602,0.021192974422670326,290,0.13464548494983278,LogisticRegression(random_state=1),SAMME,"{'n_estimators': 290, 'learning_rate': 0.13464548494983278, 'base_estimator': LogisticRegression(random_state=1), 'algorithm': 'SAMME'}",0.69473632764772,0.7317672951721679,0.6956175557758243,0.7456136063731,0.7587209597885212,0.6829342687204514,0.6448871484051283,0.5927542557835007,0.6448871484051283,0.7594936708860761,0.6951412236957618,0.052683950851904394,56,0.7017977292579219,0.6989618617827816,0.7073442578914713,0.689101282482798,0.6933349806946093,0.7088549991623726,0.7045887428709539,0.7158931082981715,0.7116337586977175,0.6961712713193922,0.702768199245819,0.008042915566260344
65,0.02319793701171875,0.0043080145743415186,0.007198905944824219,0.0023996360824440617,2820,0.034411371237458195,DecisionTreeClassifier(random_state=1),SAMME,"{'n_estimators': 2820, 'learning_rate': 0.034411371237458195, 'base_estimator': DecisionTreeClassifier(random_state=1), 'algorithm': 'SAMME'}",0.7088607594936711,0.8092085802588765,0.7848101265822786,0.7341772151898733,0.7079253723755783,0.7333231660820497,0.8224435742025641,0.8227280103862383,0.8079133904254862,0.772078870496592,0.7703469065493207,0.04352872130730147,1,1.0,1.0,1.0,1.0,1.0,1.0,1.0,1.0,1.0,1.0,1.0,0.0
66,0.15289576053619386,0.017643690988804604,0.012978887557983399,0.007811068605935594,3780,0.8429665551839465,LogisticRegression(random_state=1),SAMME,"{'n_estimators': 3780, 'learning_rate': 0.8429665551839465, 'base_estimator': LogisticRegression(random_state=1), 'algorithm': 'SAMME'}",0.7209827594611723,0.7542867108330928,0.6708860759493671,0.7587209597885212,0.705467198652412,0.6952250623136699,0.6329113924050633,0.5236395109812831,0.6835443037974683,0.6414269275028769,0.6787090901684928,0.06519835492670312,94,0.6934388364813401,0.6800333875051188,0.6958533945059057,0.6919940906483721,0.6905338043216308,0.7001596554701399,0.6910411840772547,0.6872751849419846,0.689678494805038,0.6879034342854901,0.6907911467042274,0.005095582751193511
67,1.6079912424087524,0.09696475014997284,0.07778205871582031,0.008309898891079859,130,0.351819397993311,LogisticRegression(random_state=1),SAMME.R,"{'n_estimators': 130, 'learning_rate': 0.351819397993311, 'base_estimator': LogisticRegression(random_state=1), 'algorithm': 'SAMME.R'}",0.6448871484051283,0.7165136096632746,0.6820143004314609,0.7717131668318683,0.7848101265822786,0.6275314909747515,0.658118253054962,0.5693588210977912,0.6708860759493671,0.7340919745983037,0.6859924967589186,0.06331651598088336,88,0.7040344071438371,0.6964840872057032,0.702231524834862,0.6966842674731039,0.6995058091710286,0.7137010980505142,0.6994090748332967,0.7082242784738307,0.7006668263453769,0.7035932715867309,0.7024534645118284,0.005037117304111057
68,0.023938894271850586,0.005837182087523794,0.010552692413330077,0.003915913494323721,3700,0.09789297658862876,DecisionTreeClassifier(random_state=1),SAMME.R,"{'n_estimators': 3700, 'learning_rate': 0.09789297658862876, 'base_estimator': DecisionTreeClassifier(random_state=1), 'algorithm': 'SAMME.R'}",0.7088607594936711,0.8092085802588765,0.7848101265822786,0.7341772151898733,0.7079253723755783,0.7333231660820497,0.8224435742025641,0.8227280103862383,0.8079133904254862,0.772078870496592,0.7703469065493207,0.04352872130730147,1,1.0,1.0,1.0,1.0,1.0,1.0,1.0,1.0,1.0,1.0,1.0,0.0
69,0.022496414184570313,0.00585559773588486,0.009283852577209473,0.004330145174620001,1390,0.9933177257525083,DecisionTreeClassifier(random_state=1),SAMME.R,"{'n_estimators': 1390, 'learning_rate': 0.9933177257525083, 'base_estimator': DecisionTreeClassifier(random_state=1), 'algorithm': 'SAMME.R'}",0.7088607594936711,0.8092085802588765,0.7848101265822786,0.7341772151898733,0.7079253723755783,0.7333231660820497,0.8224435742025641,0.8227280103862383,0.8079133904254862,0.772078870496592,0.7703469065493207,0.04352872130730147,1,1.0,1.0,1.0,1.0,1.0,1.0,1.0,1.0,1.0,1.0,1.0,0.0
70,0.019258594512939452,0.0032529623149218285,0.008687520027160644,0.0063058848374065194,2960,0.22151505016722406,DecisionTreeClassifier(random_state=1),SAMME,"{'n_estimators': 2960, 'learning_rate': 0.22151505016722406, 'base_estimator': DecisionTreeClassifier(random_state=1), 'algorithm': 'SAMME'}",0.7088607594936711,0.8092085802588765,0.7848101265822786,0.7341772151898733,0.7079253723755783,0.7333231660820497,0.8224435742025641,0.8227280103862383,0.8079133904254862,0.772078870496592,0.7703469065493207,0.04352872130730147,1,1.0,1.0,1.0,1.0,1.0,1.0,1.0,1.0,1.0,1.0,1.0,0.0
71,0.02114253044128418,0.00565903066095645,0.008257079124450683,0.006243688479026077,4940,0.10791638795986622,DecisionTreeClassifier(random_state=1),SAMME.R,"{'n_estimators': 4940, 'learning_rate': 0.10791638795986622, 'base_estimator': DecisionTreeClassifier(random_state=1), 'algorithm': 'SAMME.R'}",0.7088607594936711,0.8092085802588765,0.7848101265822786,0.7341772151898733,0.7079253723755783,0.7333231660820497,0.8224435742025641,0.8227280103862383,0.8079133904254862,0.772078870496592,0.7703469065493207,0.04352872130730147,1,1.0,1.0,1.0,1.0,1.0,1.0,1.0,1.0,1.0,1.0,1.0,0.0
72,0.02073054313659668,0.006017988619532285,0.00800011157989502,0.003577450373479221,1790,0.42198327759197324,DecisionTreeClassifier(random_state=1),SAMME,"{'n_estimators': 1790, 'learning_rate': 0.42198327759197324, 'base_estimator': DecisionTreeClassifier(random_state=1), 'algorithm': 'SAMME'}",0.7088607594936711,0.8092085802588765,0.7848101265822786,0.7341772151898733,0.7079253723755783,0.7333231660820497,0.8224435742025641,0.8227280103862383,0.8079133904254862,0.772078870496592,0.7703469065493207,0.04352872130730147,1,1.0,1.0,1.0,1.0,1.0,1.0,1.0,1.0,1.0,1.0,1.0,0.0
73,0.02348165512084961,0.00782426907624896,0.009413981437683105,0.0031320115128895443,2350,0.4654180602006689,DecisionTreeClassifier(random_state=1),SAMME,"{'n_estimators': 2350, 'learning_rate': 0.4654180602006689, 'base_estimator': DecisionTreeClassifier(random_state=1), 'algorithm': 'SAMME'}",0.7088607594936711,0.8092085802588765,0.7848101265822786,0.7341772151898733,0.7079253723755783,0.7333231660820497,0.8224435742025641,0.8227280103862383,0.8079133904254862,0.772078870496592,0.7703469065493207,0.04352872130730147,1,1.0,1.0,1.0,1.0,1.0,1.0,1.0,1.0,1.0,1.0,1.0,0.0
74,25.24025583267212,1.0357138264420047,1.43909695148468,0.042857491403496435,2700,0.7093210702341137,LogisticRegression(random_state=1),SAMME.R,"{'n_estimators': 2700, 'learning_rate': 0.7093210702341137, 'base_estimator': LogisticRegression(random_state=1), 'algorithm': 'SAMME.R'}",0.6571297849626354,0.7165136096632746,0.6820143004314609,0.7717131668318683,0.7848101265822786,0.6275314909747515,0.658118253054962,0.5693588210977912,0.6708860759493671,0.7340919745983037,0.6872167604146693,0.06262446024800174,68,0.7041083767761068,0.6994090748332967,0.702231524834862,0.6966842674731039,0.6995058091710286,0.7123330291714067,0.697947429140764,0.7082242784738307,0.6993074910456504,0.702231524834862,0.7021982805754912,0.004631806030975079
75,0.15818073749542236,0.03781864557188442,0.012661957740783691,0.00728302449194654,2200,0.9766120401337792,LogisticRegression(random_state=1),SAMME,"{'n_estimators': 2200, 'learning_rate': 0.9766120401337792, 'base_estimator': LogisticRegression(random_state=1), 'algorithm': 'SAMME'}",0.7068901151582535,0.7542867108330928,0.6176773623785693,0.7587209597885212,0.6934550093219507,0.6705692140199216,0.6063341975496924,0.5656045395024006,0.6317319912561639,0.6834428269027425,0.6688712926711309,0.06017376144131613,100,0.6961712713193922,0.6806633226443064,0.6917194092827004,0.6877760667402144,0.6975958414099335,0.708782424567636,0.7031056276051065,0.6968649069189291,0.6989940365762266,0.6946981930573117,0.6956371100121757,0.007400788481675033
76,0.025560426712036132,0.007089500535046128,0.00879964828491211,0.006645098819808594,1740,0.34179598662207356,DecisionTreeClassifier(random_state=1),SAMME.R,"{'n_estimators': 1740, 'learning_rate': 0.34179598662207356, 'base_estimator': DecisionTreeClassifier(random_state=1), 'algorithm': 'SAMME.R'}",0.7088607594936711,0.8092085802588765,0.7848101265822786,0.7341772151898733,0.7079253723755783,0.7333231660820497,0.8224435742025641,0.8227280103862383,0.8079133904254862,0.772078870496592,0.7703469065493207,0.04352872130730147,1,1.0,1.0,1.0,1.0,1.0,1.0,1.0,1.0,1.0,1.0,1.0,0.0
77,0.024065160751342775,0.0037282721101710254,0.008188462257385254,0.005090707471781165,4010,0.47878260869565215,DecisionTreeClassifier(random_state=1),SAMME,"{'n_estimators': 4010, 'learning_rate': 0.47878260869565215, 'base_estimator': DecisionTreeClassifier(random_state=1), 'algorithm': 'SAMME'}",0.7088607594936711,0.8092085802588765,0.7848101265822786,0.7341772151898733,0.7079253723755783,0.7333231660820497,0.8224435742025641,0.8227280103862383,0.8079133904254862,0.772078870496592,0.7703469065493207,0.04352872130730147,1,1.0,1.0,1.0,1.0,1.0,1.0,1.0,1.0,1.0,1.0,1.0,0.0
78,0.0231982946395874,0.004307771622403816,0.007199859619140625,0.00430793542509522,2670,0.6759096989966555,DecisionTreeClassifier(random_state=1),SAMME,"{'n_estimators': 2670, 'learning_rate': 0.6759096989966555, 'base_estimator': DecisionTreeClassifier(random_state=1), 'algorithm': 'SAMME'}",0.7088607594936711,0.8092085802588765,0.7848101265822786,0.7341772151898733,0.7079253723755783,0.7333231660820497,0.8224435742025641,0.8227280103862383,0.8079133904254862,0.772078870496592,0.7703469065493207,0.04352872130730147,1,1.0,1.0,1.0,1.0,1.0,1.0,1.0,1.0,1.0,1.0,1.0,0.0
79,2.4162573337554933,0.056166184829592763,0.12099754810333252,0.00868059502809571,210,0.33511371237458193,LogisticRegression(random_state=1),SAMME.R,"{'n_estimators': 210, 'learning_rate': 0.33511371237458193, 'base_estimator': LogisticRegression(random_state=1), 'algorithm': 'SAMME.R'}",0.6448871484051283,0.7165136096632746,0.6820143004314609,0.7717131668318683,0.7848101265822786,0.6275314909747515,0.658118253054962,0.5693588210977912,0.6708860759493671,0.7340919745983037,0.6859924967589186,0.06331651598088336,88,0.7041083767761068,0.6994090748332967,0.702231524834862,0.6966842674731039,0.6995058091710286,0.7137010980505142,0.697947429140764,0.7082242784738307,0.6993074910456504,0.702231524834862,0.7023350874634019,0.004939137481395464
80,3.490575098991394,3.8297393469263286,0.1005141258239746,0.10174167057142092,720,0.3217491638795986,LogisticRegression(random_state=1),SAMME,"{'n_estimators': 720, 'learning_rate': 0.3217491638795986, 'base_estimator': LogisticRegression(random_state=1), 'algorithm': 'SAMME'}",0.69473632764772,0.7317672951721679,0.6832398731132908,0.7456136063731,0.7587209597885212,0.6829342687204514,0.6448871484051283,0.6090295792076525,0.6448871484051283,0.7594936708860761,0.6955309877719237,0.04982771014699013,55,0.7017977292579219,0.698984500288657,0.7102374161657167,0.6905215401505231,0.6933349806946093,0.7102546172226035,0.7003555347006152,0.717304052432511,0.7102374161657167,0.6975671127805328,0.7030594899859407,0.008155759274785741
81,0.019265127182006837,0.0025002595856694313,0.010233521461486816,0.007873731728015906,140,0.5255585284280936,DecisionTreeClassifier(random_state=1),SAMME,"{'n_estimators': 140, 'learning_rate': 0.5255585284280936, 'base_estimator': DecisionTreeClassifier(random_state=1), 'algorithm': 'SAMME'}",0.7088607594936711,0.8092085802588765,0.7848101265822786,0.7341772151898733,0.7079253723755783,0.7333231660820497,0.8224435742025641,0.8227280103862383,0.8079133904254862,0.772078870496592,0.7703469065493207,0.04352872130730147,1,1.0,1.0,1.0,1.0,1.0,1.0,1.0,1.0,1.0,1.0,1.0,0.0
82,0.01973559856414795,0.002465728666926651,0.007513666152954101,0.003012047823678333,1900,0.7160033444816053,DecisionTreeClassifier(random_state=1),SAMME.R,"{'n_estimators': 1900, 'learning_rate': 0.7160033444816053, 'base_estimator': DecisionTreeClassifier(random_state=1), 'algorithm': 'SAMME.R'}",0.7088607594936711,0.8092085802588765,0.7848101265822786,0.7341772151898733,0.7079253723755783,0.7333231660820497,0.8224435742025641,0.8227280103862383,0.8079133904254862,0.772078870496592,0.7703469065493207,0.04352872130730147,1,1.0,1.0,1.0,1.0,1.0,1.0,1.0,1.0,1.0,1.0,1.0,0.0
83,0.019382929801940917,0.004040790027615843,0.006789636611938476,0.0013763041265185904,150,0.037752508361204015,DecisionTreeClassifier(random_state=1),SAMME.R,"{'n_estimators': 150, 'learning_rate': 0.037752508361204015, 'base_estimator': DecisionTreeClassifier(random_state=1), 'algorithm': 'SAMME.R'}",0.7088607594936711,0.8092085802588765,0.7848101265822786,0.7341772151898733,0.7079253723755783,0.7333231660820497,0.8224435742025641,0.8227280103862383,0.8079133904254862,0.772078870496592,0.7703469065493207,0.04352872130730147,1,1.0,1.0,1.0,1.0,1.0,1.0,1.0,1.0,1.0,1.0,1.0,0.0
84,0.02229766845703125,0.008331862068748896,0.007537198066711426,0.0028343981791499736,4460,0.5255585284280936,DecisionTreeClassifier(random_state=1),SAMME,"{'n_estimators': 4460, 'learning_rate': 0.5255585284280936, 'base_estimator': DecisionTreeClassifier(random_state=1), 'algorithm': 'SAMME'}",0.7088607594936711,0.8092085802588765,0.7848101265822786,0.7341772151898733,0.7079253723755783,0.7333231660820497,0.8224435742025641,0.8227280103862383,0.8079133904254862,0.772078870496592,0.7703469065493207,0.04352872130730147,1,1.0,1.0,1.0,1.0,1.0,1.0,1.0,1.0,1.0,1.0,1.0,0.0
85,19.273361611366273,0.9753982207975906,1.0668550252914428,0.08028483106289862,2120,0.14466889632107022,LogisticRegression(random_state=1),SAMME.R,"{'n_estimators': 2120, 'learning_rate': 0.14466889632107022, 'base_estimator': LogisticRegression(random_state=1), 'algorithm': 'SAMME.R'}",0.6571297849626354,0.7165136096632746,0.6820143004314609,0.7717131668318683,0.7848101265822786,0.6275314909747515,0.658118253054962,0.5693588210977912,0.6708860759493671,0.7340919745983037,0.6872167604146693,0.06262446024800174,68,0.7041083767761068,0.6994090748332967,0.702231524834862,0.6966842674731039,0.6995058091710286,0.7123330291714067,0.697947429140764,0.7082242784738307,0.6993074910456504,0.702231524834862,0.7021982805754912,0.004631806030975079
86,0.022206926345825197,0.003769787099623425,0.007763528823852539,0.0011585601225275008,4120,0.28499665551839465,DecisionTreeClassifier(random_state=1),SAMME.R,"{'n_estimators': 4120, 'learning_rate': 0.28499665551839465, 'base_estimator': DecisionTreeClassifier(random_state=1), 'algorithm': 'SAMME.R'}",0.7088607594936711,0.8092085802588765,0.7848101265822786,0.7341772151898733,0.7079253723755783,0.7333231660820497,0.8224435742025641,0.8227280103862383,0.8079133904254862,0.772078870496592,0.7703469065493207,0.04352872130730147,1,1.0,1.0,1.0,1.0,1.0,1.0,1.0,1.0,1.0,1.0,1.0,0.0
87,0.022540569305419922,0.005546352756990282,0.007553553581237793,0.0012420242707260561,3010,0.702638795986622,DecisionTreeClassifier(random_state=1),SAMME.R,"{'n_estimators': 3010, 'learning_rate': 0.702638795986622, 'base_estimator': DecisionTreeClassifier(random_state=1), 'algorithm': 'SAMME.R'}",0.7088607594936711,0.8092085802588765,0.7848101265822786,0.7341772151898733,0.7079253723755783,0.7333231660820497,0.8224435742025641,0.8227280103862383,0.8079133904254862,0.772078870496592,0.7703469065493207,0.04352872130730147,1,1.0,1.0,1.0,1.0,1.0,1.0,1.0,1.0,1.0,1.0,1.0,0.0
88,0.02308802604675293,0.004009170277708176,0.008858132362365722,0.00340364211313271,3530,0.15135117056856187,DecisionTreeClassifier(random_state=1),SAMME,"{'n_estimators': 3530, 'learning_rate': 0.15135117056856187, 'base_estimator': DecisionTreeClassifier(random_state=1), 'algorithm': 'SAMME'}",0.7088607594936711,0.8092085802588765,0.7848101265822786,0.7341772151898733,0.7079253723755783,0.7333231660820497,0.8224435742025641,0.8227280103862383,0.8079133904254862,0.772078870496592,0.7703469065493207,0.04352872130730147,1,1.0,1.0,1.0,1.0,1.0,1.0,1.0,1.0,1.0,1.0,1.0,0.0
89,0.021137523651123046,0.002029636330407627,0.006693530082702637,0.0006390395851071271,4520,0.5456053511705685,DecisionTreeClassifier(random_state=1),SAMME,"{'n_estimators': 4520, 'learning_rate': 0.5456053511705685, 'base_estimator': DecisionTreeClassifier(random_state=1), 'algorithm': 'SAMME'}",0.7088607594936711,0.8092085802588765,0.7848101265822786,0.7341772151898733,0.7079253723755783,0.7333231660820497,0.8224435742025641,0.8227280103862383,0.8079133904254862,0.772078870496592,0.7703469065493207,0.04352872130730147,1,1.0,1.0,1.0,1.0,1.0,1.0,1.0,1.0,1.0,1.0,1.0,0.0
90,25.96352427005768,1.5244712808352154,1.4553150892257691,0.11632773654760899,3050,0.9331772575250836,LogisticRegression(random_state=1),SAMME.R,"{'n_estimators': 3050, 'learning_rate': 0.9331772575250836, 'base_estimator': LogisticRegression(random_state=1), 'algorithm': 'SAMME.R'}",0.6571297849626354,0.7165136096632746,0.6820143004314609,0.7717131668318683,0.7848101265822786,0.6275314909747515,0.658118253054962,0.5693588210977912,0.6708860759493671,0.7340919745983037,0.6872167604146693,0.06262446024800174,68,0.7041083767761068,0.6994090748332967,0.702231524834862,0.6966842674731039,0.6995058091710286,0.7123330291714067,0.697947429140764,0.7082242784738307,0.6993074910456504,0.702231524834862,0.7021982805754912,0.004631806030975079
91,13.883145189285278,10.95608888496193,0.394408655166626,0.3061170423148578,2250,0.27163210702341134,LogisticRegression(random_state=1),SAMME,"{'n_estimators': 2250, 'learning_rate': 0.27163210702341134, 'base_estimator': LogisticRegression(random_state=1), 'algorithm': 'SAMME'}",0.69473632764772,0.7317672951721679,0.6832398731132908,0.7456136063731,0.7463479631465202,0.6829342687204514,0.6448871484051283,0.5927542557835007,0.6448871484051283,0.7594936708860761,0.6926661557653084,0.05139639066903871,62,0.6990238075013383,0.7003804419639699,0.7087674007505232,0.6890705099800271,0.6890705099800271,0.7102546172226035,0.7031690977550695,0.7158931082981715,0.7116337586977175,0.6975874609011651,0.7024850713050611,0.008741124909097757
92,0.01966061592102051,0.004474557661295254,0.006569671630859375,0.001107417424248106,350,0.6157692307692307,DecisionTreeClassifier(random_state=1),SAMME,"{'n_estimators': 350, 'learning_rate': 0.6157692307692307, 'base_estimator': DecisionTreeClassifier(random_state=1), 'algorithm': 'SAMME'}",0.7088607594936711,0.8092085802588765,0.7848101265822786,0.7341772151898733,0.7079253723755783,0.7333231660820497,0.8224435742025641,0.8227280103862383,0.8079133904254862,0.772078870496592,0.7703469065493207,0.04352872130730147,1,1.0,1.0,1.0,1.0,1.0,1.0,1.0,1.0,1.0,1.0,1.0,0.0
93,18.961310744285583,18.69246508592462,0.5661550045013428,0.5556545351136355,3700,0.4186421404682274,LogisticRegression(random_state=1),SAMME,"{'n_estimators': 3700, 'learning_rate': 0.4186421404682274, 'base_estimator': LogisticRegression(random_state=1), 'algorithm': 'SAMME'}",0.7068901151582535,0.7559689078800097,0.6832398731132908,0.7190004252117882,0.7456136063731,0.6829342687204514,0.6448871484051283,0.5761043792587119,0.6448871484051283,0.7468354430379747,0.6906361315563837,0.053791697018316736,64,0.6990238075013383,0.698984500288657,0.7017977292579219,0.6919770280993218,0.6975671127805328,0.7116531603941343,0.6975874609011651,0.7173096448416567,0.7116679943395477,0.698984500288657,0.7026552938692933,0.007638133365896405
94,0.018317556381225585,0.0010454735880659391,0.007676959037780762,0.0031551792233733564,3480,0.47878260869565215,DecisionTreeClassifier(random_state=1),SAMME.R,"{'n_estimators': 3480, 'learning_rate': 0.47878260869565215, 'base_estimator': DecisionTreeClassifier(random_state=1), 'algorithm': 'SAMME.R'}",0.7088607594936711,0.8092085802588765,0.7848101265822786,0.7341772151898733,0.7079253723755783,0.7333231660820497,0.8224435742025641,0.8227280103862383,0.8079133904254862,0.772078870496592,0.7703469065493207,0.04352872130730147,1,1.0,1.0,1.0,1.0,1.0,1.0,1.0,1.0,1.0,1.0,1.0,0.0
95,25.056636810302734,0.2697517419398257,1.3985289573669433,0.028961428910168403,3080,0.8529899665551839,LogisticRegression(random_state=1),SAMME.R,"{'n_estimators': 3080, 'learning_rate': 0.8529899665551839, 'base_estimator': LogisticRegression(random_state=1), 'algorithm': 'SAMME.R'}",0.6571297849626354,0.7165136096632746,0.6820143004314609,0.7717131668318683,0.7848101265822786,0.6275314909747515,0.658118253054962,0.5693588210977912,0.6708860759493671,0.7340919745983037,0.6872167604146693,0.06262446024800174,68,0.7041083767761068,0.6994090748332967,0.702231524834862,0.6966842674731039,0.6995058091710286,0.7123330291714067,0.697947429140764,0.7082242784738307,0.6993074910456504,0.702231524834862,0.7021982805754912,0.004631806030975079
96,0.018308544158935548,0.00152352711071512,0.008486676216125488,0.0026694338702011756,4220,0.9498829431438127,DecisionTreeClassifier(random_state=1),SAMME.R,"{'n_estimators': 4220, 'learning_rate': 0.9498829431438127, 'base_estimator': DecisionTreeClassifier(random_state=1), 'algorithm': 'SAMME.R'}",0.7088607594936711,0.8092085802588765,0.7848101265822786,0.7341772151898733,0.7079253723755783,0.7333231660820497,0.8224435742025641,0.8227280103862383,0.8079133904254862,0.772078870496592,0.7703469065493207,0.04352872130730147,1,1.0,1.0,1.0,1.0,1.0,1.0,1.0,1.0,1.0,1.0,1.0,0.0
97,32.40261313915253,3.178836229161719,1.7304083108901978,0.4060690496636461,4040,0.23153846153846153,LogisticRegression(random_state=1),SAMME.R,"{'n_estimators': 4040, 'learning_rate': 0.23153846153846153, 'base_estimator': LogisticRegression(random_state=1), 'algorithm': 'SAMME.R'}",0.6571297849626354,0.7165136096632746,0.6820143004314609,0.7717131668318683,0.7848101265822786,0.6275314909747515,0.658118253054962,0.5693588210977912,0.6708860759493671,0.7340919745983037,0.6872167604146693,0.06262446024800174,68,0.7041083767761068,0.6994090748332967,0.702231524834862,0.6966842674731039,0.6995058091710286,0.7123330291714067,0.697947429140764,0.7082242784738307,0.6993074910456504,0.702231524834862,0.7021982805754912,0.004631806030975079
98,0.6807011365890503,0.022691337500841156,0.03199172019958496,0.0029078791293218557,60,0.19812709030100334,LogisticRegression(random_state=1),SAMME.R,"{'n_estimators': 60, 'learning_rate': 0.19812709030100334, 'base_estimator': LogisticRegression(random_state=1), 'algorithm': 'SAMME.R'}",0.6702523520904763,0.7025575973242703,0.669827150839809,0.7717131668318683,0.7467543005517688,0.6158145651816538,0.6329113924050633,0.5334880070967962,0.6959100437106971,0.7206229737875308,0.6759851549819935,0.0656656889607389,96,0.6981418085830822,0.6882196423793301,0.6995058091710286,0.6838328230258464,0.6992010475240243,0.7005584601119337,0.6964840872057032,0.7123330291714067,0.6977335399243104,0.6936606833657564,0.6969670930462422,0.007229146019686917
99,0.14615755081176757,0.028269795357103843,0.010305023193359375,0.002314541356917165,1590,0.7861672240802675,LogisticRegression(random_state=1),SAMME,"{'n_estimators': 1590, 'learning_rate': 0.7861672240802675, 'base_estimator': LogisticRegression(random_state=1), 'algorithm': 'SAMME'}",0.7085806832642276,0.7542867108330928,0.7209827594611723,0.7717131668318683,0.7079253723755783,0.6806753513954379,0.6184204095596502,0.5236395109812831,0.6184204095596502,0.6414269275028769,0.6746071301764838,0.07101851226529828,97,0.692301586694797,0.6766058210469559,0.7032219652906789,0.6780756434280469,0.6975671127805328,0.6867590918223828,0.7003804419639699,0.6872751849419846,0.7148190033917381,0.6891412875298558,0.6926147138890942,0.01110408879785677
